CustomerID,Name,Email,Phone,Address
1,Cale O'Shiels,coshiels0@patch.com,817-518-5631,92 Dixon Junction
2,Harmon Laver,hlaver1@cam.ac.uk,567-481-2392,665 Kennedy Junction
3,Jameson Troucher,jtroucher2@europa.eu,588-620-2729,8403 Nevada Alley
4,Casar Gerrill,cgerrill3@squidoo.com,457-492-7570,9764 Killdeer Terrace
5,Dermot Pregel,dpregel4@odnoklassniki.ru,787-377-3800,21 Jenifer Plaza
6,Dinah Tilford,dtilford5@nih.gov,683-227-7102,596 Ohio Crossing
7,Gayel Juarez,gjuarez6@bbc.co.uk,626-677-1100,58787 Packers Pass
8,Blanca Antonetti,bantonetti7@salon.com,950-252-3873,2 5th Center
9,Rachelle Pessold,rpessold8@ed.gov,662-335-2771,67442 Birchwood Place
10,Ibrahim Colleck,icolleck9@time.com,222-686-1927,99728 Express Street
11,Beilul Jedrzejczyk,bjedrzejczyka@cam.ac.uk,564-500-2045,59 Eagle Crest Place
12,Lynnea Ahrend,lahrendb@bloglines.com,676-320-8483,6238 Lyons Hill
13,Berky Bowich,bbowichc@guardian.co.uk,460-376-7985,9612 Orin Alley
14,Adan Riach,ariachd@hud.gov,241-731-9515,9264 Warrior Point
15,Bryana Whittles,bwhittlese@diigo.com,968-396-2268,3472 Heffernan Place
16,Darda Dymoke,ddymokef@bluehost.com,879-829-4759,85031 Nevada Way
17,Harmonia Moodie,hmoodieg@omniture.com,973-147-7109,38570 Birchwood Road
18,Jerrie Keighly,jkeighlyh@g.co,725-416-5024,8 Talmadge Terrace
19,Trina Hadenton,thadentoni@omniture.com,521-794-5803,0 Buena Vista Lane
20,Berkie Norval,bnorvalj@google.pl,351-484-3326,7028 La Follette Court
21,Martha Deek,mdeekk@china.com.cn,641-881-3580,7068 Linden Hill
22,Lila Hein,lheinl@patch.com,216-236-4968,950 Golden Leaf Junction
23,Nicholas Yegorkov,nyegorkovm@4shared.com,814-398-5458,2564 Linden Street
24,Reggis Romayne,rromaynen@constantcontact.com,375-963-3867,44400 Meadow Ridge Pass
25,Monika Reinger,mreingero@weebly.com,309-731-3123,3354 Mockingbird Drive
26,Dennie Gout,dgoutp@a8.net,975-672-9609,236 Spenser Road
27,Terrye Fanthom,tfanthomq@ox.ac.uk,942-840-4236,73 Bluestem Place
28,Allx Hughs,ahughsr@ameblo.jp,628-370-1604,29 East Avenue
29,Xerxes Stroud,xstrouds@bluehost.com,410-721-5289,02369 Mcbride Road
30,Mallory Andersch,manderscht@lulu.com,144-438-2354,5898 Vidon Point
31,Elijah Gillie,egillieu@blinklist.com,515-724-3364,875 Harper Terrace
32,Hamish Clemence,hclemencev@i2i.jp,372-999-3359,1 Sutteridge Point
33,Codee Reddie,creddiew@state.tx.us,997-493-9765,73642 Del Sol Road
34,Amil Anney,aanneyx@rakuten.co.jp,560-292-0683,36017 Bultman Parkway
35,Rebe Greep,rgreepy@slashdot.org,139-855-1423,1 Vidon Lane
36,Pattie Truman,ptrumanz@geocities.jp,241-964-2874,9181 Bunting Lane
37,Kerrie Comiskey,kcomiskey10@exblog.jp,977-667-4553,86 Red Cloud Place
38,Berna Snartt,bsnartt11@t.co,134-858-0142,66333 Morningstar Park
39,Jozef Barden,jbarden12@themeforest.net,431-869-6464,758 Columbus Hill
40,Ibrahim Danford,idanford13@cbc.ca,813-659-9020,931 Calypso Point
41,Cyrillus Javes,cjaves14@aol.com,579-207-1834,693 Prairie Rose Alley
42,Zsa zsa Massot,zzsa15@bandcamp.com,433-100-5969,7 Hooker Crossing
43,Algernon Blench,ablench16@ca.gov,658-103-7980,7626 Debs Road
44,Margaretta Banner,mbanner17@amazon.co.uk,843-408-3111,1199 Clyde Gallagher Parkway
45,Doralin De Francisci,dde18@yellowbook.com,145-157-9159,41312 Loftsgordon Court
46,Vitia Carbery,vcarbery19@discovery.com,418-716-9941,677 Melvin Alley
47,Leone Albrook,lalbrook1a@imageshack.us,127-449-6006,58 Mccormick Alley
48,Elinor Brazelton,ebrazelton1b@nydailynews.com,490-694-7790,9523 Corscot Plaza
49,Cristine Sushams,csushams1c@hibu.com,975-357-7617,56 Oneill Center
50,Kissie Chevis,kchevis1d@unicef.org,336-258-6095,21479 Hanson Circle
51,Shel Lowe,slowe1e@bloglines.com,296-655-0461,92517 Crowley Crossing
52,Ruthi Akrigg,rakrigg1f@nytimes.com,682-426-2057,309 Monument Hill
53,Alane Mabbot,amabbot1g@vimeo.com,478-196-8388,708 Lawn Hill
54,Babara Santore,bsantore1h@wix.com,467-452-3625,573 Annamark Crossing
55,Charmian Threlfall,cthrelfall1i@imdb.com,330-598-4998,63088 Chinook Hill
56,Hewett Kirsop,hkirsop1j@berkeley.edu,159-682-2644,6768 Burrows Junction
57,Halie Cowap,hcowap1k@ed.gov,519-471-9817,09144 Helena Road
58,Enrichetta Larvin,elarvin1l@usgs.gov,823-768-3639,77670 Merchant Terrace
59,Lukas Jirsa,ljirsa1m@nydailynews.com,520-597-0861,295 Carioca Circle
60,Raimund Retallack,rretallack1n@amazon.co.jp,779-335-1425,5939 Stoughton Trail
61,Diarmid MacMaykin,dmacmaykin1o@constantcontact.com,279-497-2136,303 Tony Circle
62,Lyndsay Spridgeon,lspridgeon1p@bing.com,216-821-8183,768 Southridge Pass
63,Megan Whittingham,mwhittingham1q@seesaa.net,238-633-0578,784 Evergreen Avenue
64,Bradney Pellissier,bpellissier1r@admin.ch,365-598-0361,29797 Steensland Place
65,Eldon De Rechter,ede1s@dot.gov,113-381-9492,50416 Cardinal Point
66,Agneta Aggs,aaggs1t@sitemeter.com,824-319-0734,6 Meadow Valley Street
67,Alidia Giacovazzo,agiacovazzo1u@purevolume.com,867-917-0229,29 Monica Place
68,Isak Duly,iduly1v@reference.com,645-725-9209,8711 Linden Avenue
69,Sigismund Noteyoung,snoteyoung1w@wikia.com,425-827-9324,2082 School Trail
70,Eirena Palfery,epalfery1x@dropbox.com,832-486-1894,57 Arrowood Circle
71,Ivett Rubinsaft,irubinsaft1y@opensource.org,968-222-4165,10 Hovde Terrace
72,Lib Feaver,lfeaver1z@comcast.net,513-665-1792,22 Maple Wood Center
73,Luigi Andreacci,landreacci20@nydailynews.com,496-436-0677,511 Miller Pass
74,Nikolaos Pagden,npagden21@cdc.gov,483-843-8631,07241 Northland Lane
75,Derward Hutchinson,dhutchinson22@last.fm,514-716-6176,54646 Brown Terrace
76,Juan Dwine,jdwine23@newsvine.com,596-661-8489,4862 Bunker Hill Way
77,Abbye Cotter,acotter24@yahoo.com,860-708-1731,827 Bartillon Street
78,Veradis Klima,vklima25@usa.gov,498-957-2123,699 Vidon Junction
79,Biddy Astill,bastill26@soundcloud.com,136-263-6072,020 Sullivan Junction
80,Rex Mellonby,rmellonby27@woothemes.com,254-321-8547,7 Westport Plaza
81,Teddy Corn,tcorn28@slashdot.org,305-768-4957,02235 John Wall Junction
82,Elvira Low,elow29@wikispaces.com,559-417-8921,5 Randy Crossing
83,Odilia Thebeau,othebeau2a@cargocollective.com,290-717-9473,569 Meadow Vale Drive
84,Haley Enric,henric2b@yandex.ru,116-920-8860,311 Merchant Trail
85,Dorotea Lassen,dlassen2c@live.com,264-552-0323,388 Bartillon Avenue
86,Dorothy Loache,dloache2d@sun.com,972-713-5323,6 Paget Avenue
87,Bruis Lembrick,blembrick2e@ifeng.com,655-393-8454,2531 6th Hill
88,Cathrin Orvis,corvis2f@zimbio.com,305-627-1060,93 Loftsgordon Pass
89,Wendall Woodfin,wwoodfin2g@economist.com,153-846-7768,09660 Macpherson Road
90,Brandi Camelli,bcamelli2h@cafepress.com,351-969-6137,80 Goodland Lane
91,Torrie Bourgour,tbourgour2i@epa.gov,269-993-0542,9433 Brickson Park Point
92,Odette Sutherley,osutherley2j@microsoft.com,456-806-4127,65522 Gerald Hill
93,Hubey Nerheny,hnerheny2k@nhs.uk,369-157-9732,37054 Claremont Terrace
94,Maxy Marques,mmarques2l@freewebs.com,413-972-0959,779 Doe Crossing Road
95,Britni Giannini,bgiannini2m@forbes.com,838-438-4913,5098 Brown Junction
96,Ema Prosek,eprosek2n@virginia.edu,106-841-6838,56 Gateway Parkway
97,Danny Sinncock,dsinncock2o@latimes.com,670-574-6363,9166 Londonderry Pass
98,Merilyn Ching,mching2p@woothemes.com,269-991-2134,5 5th Crossing
99,Paloma Fassbender,pfassbender2q@baidu.com,562-895-6986,41 Superior Way
100,Maximilien Anthoin,manthoin2r@tinyurl.com,648-292-5451,6625 Spohn Junction
101,Hasheem O'Sheils,hosheils2s@yellowbook.com,204-958-4929,2614 North Hill
102,Kelli Whittingham,kwhittingham2t@icio.us,181-907-4796,9593 Division Junction
103,Keelia Leman,kleman2u@livejournal.com,998-648-2390,88704 Lakewood Gardens Alley
104,Meredith Durbann,mdurbann2v@amazon.de,130-937-4053,688 Debs Point
105,Alysa Renneke,arenneke2w@army.mil,271-641-7695,3 Bluestem Road
106,Em Peasegod,epeasegod2x@dion.ne.jp,426-982-5728,6059 Sunbrook Terrace
107,Adan Tincey,atincey2y@dagondesign.com,723-640-1670,4 Marquette Circle
108,Grayce Genny,ggenny2z@nps.gov,544-106-5497,7 School Way
109,Kort Stockhill,kstockhill30@mac.com,868-745-3513,099 Menomonie Crossing
110,Mallory Brawson,mbrawson31@cornell.edu,480-633-8471,941 Barby Avenue
111,Wallache Buesden,wbuesden32@tuttocitta.it,820-919-2119,83 Hanson Court
112,Jae Cearley,jcearley33@blog.com,102-218-1569,9 Hintze Place
113,Florance Glazer,fglazer34@scientificamerican.com,209-845-6748,0804 Jackson Hill
114,Jenn Salamon,jsalamon35@nasa.gov,575-129-5666,196 Hayes Point
115,Hallsy Neild,hneild36@lycos.com,735-138-2074,595 Autumn Leaf Lane
116,Clareta Cubley,ccubley37@cargocollective.com,494-837-2826,460 Dovetail Place
117,Madonna Matiasek,mmatiasek38@chronoengine.com,750-849-1542,9202 3rd Way
118,Carmel Andreix,candreix39@webnode.com,674-195-2305,39 Valley Edge Center
119,Homerus Thouless,hthouless3a@infoseek.co.jp,477-977-9619,8092 Hintze Terrace
120,Arly Esselin,aesselin3b@wsj.com,544-147-2573,03560 Farmco Trail
121,Tasha Eliez,teliez3c@xing.com,975-864-7029,4 Birchwood Trail
122,Sigismund Brealey,sbrealey3d@networkadvertising.org,608-707-6974,01 Ohio Way
123,Eydie Barrasse,ebarrasse3e@cloudflare.com,599-308-4728,8 Fuller Trail
124,Gerianne Izon,gizon3f@devhub.com,171-537-8865,215 Kropf Alley
125,Ailis Crowder,acrowder3g@acquirethisname.com,242-861-3569,23863 Village Alley
126,Skylar Wrassell,swrassell3h@tiny.cc,516-154-2106,68 Maywood Court
127,Giorgi Blaisdell,gblaisdell3i@whitehouse.gov,662-462-9067,9 Holmberg Point
128,Alexa Rewcassell,arewcassell3j@ifeng.com,831-779-4795,050 Toban Parkway
129,Dosi Belward,dbelward3k@constantcontact.com,791-480-2853,80 Mariners Cove Road
130,Rinaldo Durnill,rdurnill3l@biglobe.ne.jp,279-214-3927,20777 Lillian Hill
131,Eveleen Butterfill,ebutterfill3m@yahoo.co.jp,710-898-6212,373 Basil Hill
132,Devonna Coast,dcoast3n@icio.us,166-759-5450,84 Kenwood Alley
133,Delmor Grimsley,dgrimsley3o@macromedia.com,236-166-0684,7 Graceland Drive
134,Dewie Brockway,dbrockway3p@ucoz.com,671-615-5997,64 Union Street
135,Lura Gatheral,lgatheral3q@usatoday.com,733-506-6706,9651 Redwing Hill
136,Dillon Blockwell,dblockwell3r@theglobeandmail.com,629-109-4708,936 Dorton Road
137,Jaynell Zavattero,jzavattero3s@ibm.com,213-486-2674,08 Merchant Point
138,Lotty Huban,lhuban3t@clickbank.net,136-684-5644,5765 North Road
139,Legra Vasenin,lvasenin3u@boston.com,889-935-2371,3664 Cody Crossing
140,Shawn Frank,sfrank3v@guardian.co.uk,212-538-5274,5854 Packers Circle
141,Meagan Houltham,mhoultham3w@scribd.com,835-399-5103,98546 Starling Crossing
142,Mattie Clethro,mclethro3x@ucsd.edu,203-353-7318,60 Glendale Crossing
143,Brigg Cowherd,bcowherd3y@chronoengine.com,977-749-5025,269 Garrison Terrace
144,Ronna Pughe,rpughe3z@earthlink.net,154-620-3011,3583 Bluejay Avenue
145,Tierney Doone,tdoone40@cbslocal.com,805-288-6059,880 Surrey Point
146,Riordan Cardero,rcardero41@accuweather.com,946-121-7971,12877 Bellgrove Hill
147,Carolann Potte,cpotte42@pen.io,816-390-6646,1 Pearson Drive
148,Alec Rakes,arakes43@sitemeter.com,169-352-8197,64 Sheridan Drive
149,Worden Rusk,wrusk44@paginegialle.it,901-665-4218,08792 Bluejay Alley
150,Gerek Hassen,ghassen45@nih.gov,894-832-2239,537 Schiller Hill
151,Laurena Giraux,lgiraux46@nih.gov,247-314-5401,045 Rowland Hill
152,Winn Palatini,wpalatini47@ucoz.ru,518-594-0126,7243 Hanson Street
153,Roger Bath,rbath48@eventbrite.com,741-741-3032,97 Leroy Court
154,Aile O' Sullivan,ao49@cbsnews.com,729-640-4680,520 Gulseth Pass
155,Xavier Pettingill,xpettingill4a@networkadvertising.org,772-574-5953,21532 Autumn Leaf Place
156,Jakob Schmidt,jschmidt4b@illinois.edu,625-787-6595,512 Ridgeway Lane
157,Phillip LAbbet,plabbet4c@macromedia.com,495-226-2443,403 Kenwood Trail
158,Kat Goulbourne,kgoulbourne4d@psu.edu,463-920-3250,7 Fremont Trail
159,Torey Sherborn,tsherborn4e@theguardian.com,643-154-6186,7988 Holy Cross Trail
160,Rana Layus,rlayus4f@hatena.ne.jp,763-256-2796,0587 Talmadge Pass
161,Maynord Scrammage,mscrammage4g@examiner.com,170-291-1286,244 Tomscot Alley
162,Alexio Gonzalo,agonzalo4h@fda.gov,532-547-1481,20173 Shoshone Point
163,Andriana Sapsford,asapsford4i@photobucket.com,965-395-6029,409 Miller Drive
164,Harmonia Barg,hbarg4j@theguardian.com,864-761-1574,0968 Maple Crossing
165,Raimondo Nisius,rnisius4k@bloomberg.com,108-113-0024,49 North Way
166,Marco Tingley,mtingley4l@fotki.com,308-277-5126,75628 Hagan Plaza
167,Marguerite Jorio,mjorio4m@army.mil,855-831-1436,47811 Portage Point
168,Hakeem Prosch,hprosch4n@telegraph.co.uk,201-521-8857,0 Bonner Alley
169,Fraze Goldsworthy,fgoldsworthy4o@jigsy.com,568-449-5813,784 Londonderry Circle
170,Barnabas McBrearty,bmcbrearty4p@netvibes.com,802-743-0054,103 Cordelia Street
171,Gradey Greenrod,ggreenrod4q@weather.com,516-268-7317,862 3rd Trail
172,Sheilah Gonzalvo,sgonzalvo4r@myspace.com,168-294-4837,18 Corscot Lane
173,Susi Harland,sharland4s@last.fm,417-544-4895,56901 Park Meadow Lane
174,Alissa Dorkins,adorkins4t@flavors.me,703-529-5004,4 Dennis Circle
175,Panchito MacGuffie,pmacguffie4u@shutterfly.com,280-682-2157,67539 Declaration Park
176,Harp Beel,hbeel4v@house.gov,213-574-4391,12 Schurz Crossing
177,Sascha Largent,slargent4w@zimbio.com,822-528-4546,1 Dayton Lane
178,Caressa Machon,cmachon4x@photobucket.com,651-816-0740,0 Morning Junction
179,Cindee Bargery,cbargery4y@vistaprint.com,549-227-7073,86190 Hoard Road
180,Mathilda Longman,mlongman4z@a8.net,763-575-5692,4 Anhalt Point
181,Lennie Hebron,lhebron50@chicagotribune.com,643-313-9881,55 Lindbergh Street
182,Eunice McGraith,emcgraith51@webnode.com,716-748-9747,17 South Alley
183,Imelda Mushett,imushett52@yandex.ru,756-584-4608,360 Summer Ridge Junction
184,Rad Viall,rviall53@addthis.com,605-210-3269,98760 Bellgrove Avenue
185,Cristiano Matzkaitis,cmatzkaitis54@sakura.ne.jp,794-590-9468,34 Lunder Court
186,Felice Junkinson,fjunkinson55@globo.com,874-783-1160,678 Porter Place
187,Alanson Dannell,adannell56@google.pl,811-443-4551,911 Riverside Road
188,Peg Asplen,pasplen57@sohu.com,460-413-9977,981 Mandrake Way
189,Artemus Lyddyard,alyddyard58@mac.com,427-312-6984,20 Riverside Point
190,Luce Pinchbeck,lpinchbeck59@tinypic.com,968-655-9870,03465 Raven Court
191,Chuck Whitwam,cwhitwam5a@go.com,552-263-1986,5511 Portage Place
192,Isak Beckitt,ibeckitt5b@liveinternet.ru,137-726-2127,05 Evergreen Parkway
193,Bartolemo Hugnot,bhugnot5c@youku.com,222-277-4975,9 Ilene Crossing
194,Steffane Diche,sdiche5d@webs.com,809-473-7600,0603 Vermont Road
195,Craig Laudham,claudham5e@pcworld.com,947-766-3488,5 Everett Road
196,Vachel Totterdell,vtotterdell5f@blogs.com,758-506-8263,405 Texas Park
197,Wainwright Kettleson,wkettleson5g@marketwatch.com,917-740-7993,6 Scott Road
198,Marnia Cotgrave,mcotgrave5h@msn.com,498-841-3331,75516 Katie Terrace
199,Roarke Limer,rlimer5i@ask.com,797-405-4643,09 Loftsgordon Crossing
200,Jean Naptin,jnaptin5j@biblegateway.com,887-822-0520,0 Carey Crossing
201,Elspeth Allcoat,eallcoat5k@sbwire.com,464-788-7482,52425 Sycamore Avenue
202,Eartha Abramovitch,eabramovitch5l@bizjournals.com,587-589-6599,88 Bellgrove Alley
203,Herold Lightewood,hlightewood5m@slashdot.org,946-562-6608,54 East Junction
204,Fairfax Leverett,fleverett5n@toplist.cz,544-412-4585,91 Starling Avenue
205,Sella Ceeley,sceeley5o@msn.com,727-714-0768,3486 Merrick Terrace
206,Hashim Starcks,hstarcks5p@yandex.ru,692-634-6839,8 Karstens Terrace
207,Bobina Jurisic,bjurisic5q@tuttocitta.it,335-285-1598,1 Linden Street
208,Drake Mathews,dmathews5r@tiny.cc,872-470-0170,19209 Lake View Pass
209,Harrison Penk,hpenk5s@yandex.ru,891-423-9529,91403 Hallows Drive
210,Toinette French,tfrench5t@ehow.com,713-424-7050,855 Bluejay Center
211,Clark Truckell,ctruckell5u@naver.com,262-800-0466,73656 Red Cloud Park
212,Morgana Olney,molney5v@wunderground.com,437-707-3486,131 Dunning Plaza
213,Paddie Chasson,pchasson5w@mozilla.org,713-627-5750,34 Marcy Lane
214,Dora Pleven,dpleven5x@imgur.com,772-807-8848,4 Hazelcrest Trail
215,Devlen Retchford,dretchford5y@seesaa.net,603-769-4436,8 Carberry Park
216,Heidi Greguol,hgreguol5z@github.io,250-600-9916,652 8th Street
217,Elinor Goundsy,egoundsy60@ftc.gov,376-685-0956,017 Brentwood Terrace
218,Winston Milella,wmilella61@rakuten.co.jp,169-804-5526,89 Mariners Cove Street
219,Elfie Portress,eportress62@cam.ac.uk,996-999-5571,4091 Delladonna Trail
220,Colene McKeaney,cmckeaney63@answers.com,792-158-6296,377 Thompson Way
221,Greg Sinnat,gsinnat64@w3.org,539-949-7457,4 Hooker Junction
222,Herman Iamittii,hiamittii65@wired.com,884-334-1929,2329 Dottie Drive
223,Edee Sowthcote,esowthcote66@gmpg.org,689-426-2632,9 Merry Way
224,Town MacGown,tmacgown67@washington.edu,498-780-5723,0139 Claremont Crossing
225,Roland Cradock,rcradock68@sbwire.com,395-333-8030,33848 Arkansas Street
226,Cordelia Thaim,cthaim69@reverbnation.com,509-736-1469,45643 Lunder Junction
227,Noel Pemberton,npemberton6a@godaddy.com,816-158-2035,28 Spohn Crossing
228,Robinet Fulkes,rfulkes6b@istockphoto.com,246-228-5994,74921 Summerview Point
229,Salaidh McCaughen,smccaughen6c@about.me,533-412-1166,9 Talisman Crossing
230,Rachelle Kinsell,rkinsell6d@cdc.gov,378-756-1258,19153 Pepper Wood Crossing
231,Bessie Candelin,bcandelin6e@cbsnews.com,117-564-3009,743 Roxbury Center
232,Bryn Worlidge,bworlidge6f@virginia.edu,694-686-9369,62 Spaight Parkway
233,Luther Maletratt,lmaletratt6g@engadget.com,310-113-6964,2 Pearson Court
234,Seamus Ortiga,sortiga6h@prnewswire.com,309-757-0348,5209 Sauthoff Alley
235,Sarene Waddicor,swaddicor6i@yahoo.co.jp,140-404-5143,72312 Crownhardt Alley
236,Nickey Weiss,nweiss6j@ihg.com,592-917-2654,61 Mendota Circle
237,Pembroke Cajkler,pcajkler6k@smugmug.com,110-211-6027,714 Larry Crossing
238,Ulrikaumeko Forber,uforber6l@pagesperso-orange.fr,255-786-7298,94 Bay Center
239,Darryl Flaunders,dflaunders6m@loc.gov,945-844-4938,9 Lien Park
240,Lorettalorna Lafont,llafont6n@icio.us,403-766-6999,14080 Shopko Avenue
241,Melisandra Gronow,mgronow6o@tripod.com,890-839-4397,09292 Grover Drive
242,Abby Mc Cahey,amc6p@ocn.ne.jp,711-760-8017,38224 Merry Parkway
243,Anette Loche,aloche6q@webnode.com,105-808-3703,23614 Lien Center
244,Valida Fairebrother,vfairebrother6r@elpais.com,478-897-0523,5 American Park
245,Meredith Kitchiner,mkitchiner6s@joomla.org,406-254-3110,9629 Havey Parkway
246,Luce Minett,lminett6t@rambler.ru,915-631-9581,844 Stephen Circle
247,Augustine Muge,amuge6u@businessweek.com,696-978-6138,1554 Nova Center
248,Shaughn Polding,spolding6v@bing.com,837-533-4241,3 Monument Point
249,Tobit Morena,tmorena6w@timesonline.co.uk,810-665-2270,69 Pennsylvania Trail
250,Daphne Quadrio,dquadrio6x@de.vu,866-437-5632,6 Mayer Hill
251,Tuckie Juniper,tjuniper6y@infoseek.co.jp,749-912-9039,46 Arkansas Drive
252,Bendite Whitman,bwhitman6z@histats.com,886-162-4358,63846 Fremont Alley
253,Meridel Asp,masp70@prweb.com,839-545-9044,1 Knutson Alley
254,Olympie Juschka,ojuschka71@ning.com,768-300-9170,91520 Johnson Center
255,Alida McNerlin,amcnerlin72@domainmarket.com,587-417-8969,3 Menomonie Plaza
256,Denis Padbery,dpadbery73@time.com,335-509-3806,7654 Kingsford Court
257,Odessa Larsen,olarsen74@wikia.com,532-742-3727,9206 Bluejay Street
258,Hernando De Courtney,hde75@cornell.edu,168-575-3885,4082 Mariners Cove Junction
259,Gerhardine Sauniere,gsauniere76@oracle.com,416-858-6022,64249 Quincy Court
260,Camala Bulloch,cbulloch77@springer.com,492-993-5435,8 Transport Terrace
261,Poppy Allcoat,pallcoat78@ftc.gov,180-148-3151,0 Boyd Park
262,Kiley Beacon,kbeacon79@boston.com,926-393-6117,8327 Forest Place
263,Gearalt GiacobbiniJacob,ggiacobbinijacob7a@umn.edu,723-463-3314,96 Kropf Park
264,Katalin Boyne,kboyne7b@google.fr,332-586-0949,90364 Little Fleur Alley
265,Marlo Bulcock,mbulcock7c@adobe.com,434-670-6259,38 Hoffman Road
266,Sharlene Wilbore,swilbore7d@booking.com,934-270-4319,4 Mariners Cove Lane
267,Inesita Canto,icanto7e@woothemes.com,191-989-6161,07056 Fair Oaks Drive
268,Garrick Drayson,gdrayson7f@microsoft.com,233-533-3366,76 Dixon Plaza
269,Valaree Metzing,vmetzing7g@ning.com,287-189-0429,2 Texas Plaza
270,Analise Jendricke,ajendricke7h@livejournal.com,920-954-5756,6 Hoard Court
271,Clayborn Orange,corange7i@abc.net.au,517-183-4673,2962 Oak Crossing
272,Melanie Drews,mdrews7j@cbsnews.com,607-564-6290,7 Forster Point
273,Andros Wastie,awastie7k@japanpost.jp,647-854-7404,08422 Spaight Terrace
274,Emory Smalcombe,esmalcombe7l@youtu.be,207-370-0996,602 Butterfield Lane
275,Stefan Cowdry,scowdry7m@merriam-webster.com,779-496-6820,12009 Dottie Hill
276,Ellie Illes,eilles7n@cdbaby.com,174-657-4911,5176 Thackeray Pass
277,Adah Tolworthie,atolworthie7o@house.gov,991-839-4187,742 Eastwood Alley
278,Donella Sollam,dsollam7p@blog.com,517-280-0599,3 Corry Center
279,Johnathan Turneux,jturneux7q@wikimedia.org,818-149-5497,4873 Birchwood Street
280,Janice Cottill,jcottill7r@ustream.tv,976-841-9596,8452 Service Crossing
281,Quintin Croome,qcroome7s@cnbc.com,987-809-0446,8 Green Ridge Plaza
282,Royall Niece,rniece7t@blogtalkradio.com,969-514-5907,3016 Lawn Street
283,Shandeigh Daughtery,sdaughtery7u@is.gd,233-904-7090,00493 Lotheville Court
284,Kahaleel Cossentine,kcossentine7v@linkedin.com,345-233-5177,00 Myrtle Way
285,Karissa Woodrow,kwoodrow7w@privacy.gov.au,881-832-1413,54 Holy Cross Trail
286,Tonye McKeaney,tmckeaney7x@lycos.com,726-922-4679,53987 Eliot Parkway
287,Sheela Ipgrave,sipgrave7y@unc.edu,204-664-9601,646 Pond Lane
288,Payton D'Antoni,pdantoni7z@wp.com,495-243-2507,693 Mockingbird Avenue
289,Patrica MacGille,pmacgille80@wordpress.org,351-731-6294,234 Sherman Plaza
290,Bink Piddle,bpiddle81@pcworld.com,597-557-4428,32753 2nd Street
291,Stella Garford,sgarford82@hugedomains.com,596-758-6794,02 Dottie Hill
292,Trueman Henriquet,thenriquet83@webmd.com,759-603-9396,8 Quincy Plaza
293,Reese Wightman,rwightman84@wikimedia.org,194-981-7242,7274 Norway Maple Lane
294,Arny Kinglake,akinglake85@flickr.com,179-503-8701,5979 Fisk Circle
295,Daffi Negal,dnegal86@dmoz.org,856-300-8381,23 Eagan Drive
296,Dylan Dalston,ddalston87@ftc.gov,488-808-4440,7 Thierer Place
297,Robin Sherrocks,rsherrocks88@youtu.be,139-543-0056,40 Loeprich Place
298,Margeaux De Normanville,mde89@skype.com,252-951-9359,8 Golf Course Street
299,Aguste Sallnow,asallnow8a@alibaba.com,185-496-4796,508 Thompson Pass
300,Murdoch Almond,malmond8b@theatlantic.com,283-810-4294,80712 Melody Drive
301,Noe Whittall,nwhittall8c@istockphoto.com,197-864-7390,1544 Becker Crossing
302,Sterne Pachta,spachta8d@globo.com,759-284-3851,14 Mccormick Alley
303,Maurine Copozio,mcopozio8e@blogspot.com,511-790-1439,17 Anhalt Court
304,Toni Blanckley,tblanckley8f@mail.ru,482-165-2712,64 New Castle Way
305,Madge Kerwin,mkerwin8g@booking.com,282-607-5655,57652 Graceland Pass
306,Johann Chowne,jchowne8h@state.tx.us,176-541-9856,9209 Washington Hill
307,Prentice Couvet,pcouvet8i@va.gov,587-461-6645,20 Pepper Wood Point
308,Onofredo Swift,oswift8j@census.gov,107-912-2679,214 Hermina Road
309,Guillemette Klink,gklink8k@hexun.com,953-882-3429,9 Victoria Place
310,Roxi Goodger,rgoodger8l@nhs.uk,447-317-1926,435 Kinsman Hill
311,Shell Phoenix,sphoenix8m@cocolog-nifty.com,900-950-3299,779 Towne Street
312,Legra Georgeou,lgeorgeou8n@fc2.com,222-313-4717,18 Maywood Point
313,Jone Fancutt,jfancutt8o@indiegogo.com,291-228-8461,927 Oak Crossing
314,Violante Bax,vbax8p@nyu.edu,979-395-6042,3 Village Circle
315,Noak Von Der Empten,nvon8q@loc.gov,260-419-1901,4492 Elmside Terrace
316,Marguerite Swabey,mswabey8r@disqus.com,646-915-3251,252 Myrtle Avenue
317,Welsh Bullock,wbullock8s@engadget.com,879-964-3942,3 Packers Road
318,Tobiah Cella,tcella8t@discuz.net,501-352-4768,38 Prairie Rose Court
319,Melba Kingzeth,mkingzeth8u@businesswire.com,438-747-7794,424 Linden Hill
320,Mirelle Diloway,mdiloway8v@altervista.org,914-597-1776,01 Warner Parkway
321,Gale Toogood,gtoogood8w@yandex.ru,666-123-8726,379 Dovetail Way
322,Hewe Gosney,hgosney8x@constantcontact.com,704-820-0655,9 Farragut Circle
323,Karrah Orae,korae8y@amazonaws.com,653-935-1225,74860 Muir Circle
324,Stevy Battram,sbattram8z@nhs.uk,752-267-6567,819 Pawling Park
325,Cheston Southway,csouthway90@yolasite.com,519-982-2527,058 Harbort Junction
326,Gwen Cinavas,gcinavas91@canalblog.com,698-910-0856,64528 Longview Terrace
327,Georgetta Klesl,gklesl92@shop-pro.jp,909-559-2721,8 Armistice Court
328,Viv Diegan,vdiegan93@reference.com,551-899-8669,457 Lyons Road
329,Fritz Abbet,fabbet94@topsy.com,658-909-0038,457 Hoard Park
330,Casey Croll,ccroll95@feedburner.com,757-480-1475,28 Ryan Point
331,Galina Thurgood,gthurgood96@ca.gov,419-452-5016,9184 Fair Oaks Crossing
332,Kissee Dirr,kdirr97@stanford.edu,616-328-1621,54 Old Shore Plaza
333,Bertha Morrill,bmorrill98@wufoo.com,770-253-0911,0 Aberg Court
334,Persis McAnalley,pmcanalley99@pbs.org,898-229-6551,19 Mcguire Junction
335,Alf Southan,asouthan9a@slate.com,143-654-4420,91304 Red Cloud Parkway
336,Casie Humpherston,chumpherston9b@domainmarket.com,745-170-2357,78 Michigan Plaza
337,Dorothy Bills,dbills9c@yellowbook.com,363-406-6825,282 Mcguire Park
338,Theodora Hayhoe,thayhoe9d@dailymotion.com,768-745-0190,7725 8th Way
339,Doe Crookshank,dcrookshank9e@webeden.co.uk,944-955-2340,3758 Merrick Court
340,Shirlene Sans,ssans9f@usgs.gov,161-382-9777,83 Claremont Parkway
341,Kelby Aynscombe,kaynscombe9g@un.org,620-813-8045,0026 Morningstar Terrace
342,Siobhan Maccree,smaccree9h@eepurl.com,450-297-2201,58080 Northland Hill
343,Jonathon Van der Spohr,jvan9i@army.mil,248-935-1353,37570 Novick Court
344,Tristam Hauxley,thauxley9j@nps.gov,102-399-5702,1589 Jay Crossing
345,Sue Strike,sstrike9k@microsoft.com,448-141-4197,30019 Hoard Park
346,Garik Ealam,gealam9l@facebook.com,458-262-9371,6597 Ilene Point
347,Mayer Hars,mhars9m@yale.edu,274-898-8792,52 Canary Terrace
348,Leora Rickesies,lrickesies9n@mediafire.com,730-436-3171,3819 Shopko Point
349,Winn Brogini,wbrogini9o@ucsd.edu,678-564-5245,1 Evergreen Road
350,Cara Duffy,cduffy9p@oracle.com,104-103-8256,0386 Jenifer Avenue
351,Fred Marishenko,fmarishenko9q@issuu.com,462-168-9096,5533 Morrow Lane
352,Junette McCrudden,jmccrudden9r@acquirethisname.com,176-331-7450,2464 Barby Plaza
353,Shirley Downton,sdownton9s@fema.gov,118-350-5659,6940 Duke Park
354,Roby Wornham,rwornham9t@amazon.co.uk,231-425-8711,84151 Aberg Crossing
355,Karlan Mordon,kmordon9u@photobucket.com,621-309-0204,9 Darwin Junction
356,Nico Lomax,nlomax9v@intel.com,761-426-7293,37 Northview Lane
357,Arney Wickstead,awickstead9w@house.gov,432-475-8857,981 Kingsford Center
358,Min Coxwell,mcoxwell9x@i2i.jp,379-753-3826,3 Orin Street
359,Vick Seczyk,vseczyk9y@dot.gov,258-282-3972,10154 Florence Crossing
360,Corella Tewes,ctewes9z@ehow.com,785-374-2454,9308 Shoshone Junction
361,Thorstein Nichol,tnichola0@prnewswire.com,594-985-5148,2557 Marcy Avenue
362,Terri Richarz,tricharza1@wunderground.com,285-924-1487,2 Monica Avenue
363,Krisha O'Hartnedy,kohartnedya2@artisteer.com,691-898-1562,31 Elgar Road
364,Barron McBratney,bmcbratneya3@meetup.com,686-792-7165,14 Superior Parkway
365,Godfree Deroche,gderochea4@reference.com,346-961-9119,1 Burrows Circle
366,Prentiss Davitashvili,pdavitashvilia5@walmart.com,307-601-1665,83 Bultman Circle
367,Gery Airds,gairdsa6@earthlink.net,221-413-4779,3 7th Terrace
368,Ebeneser Probets,eprobetsa7@godaddy.com,812-152-8608,4 Hallows Point
369,Moritz Longstreeth,mlongstreetha8@simplemachines.org,161-997-1093,7 Emmet Pass
370,Rosalinde Franscioni,rfranscionia9@salon.com,869-495-0898,5 Huxley Terrace
371,Clim Severy,cseveryaa@yolasite.com,685-407-9819,1 Clemons Avenue
372,Anny Corradeschi,acorradeschiab@rakuten.co.jp,722-142-2967,758 Old Gate Crossing
373,Maggi Kinnear,mkinnearac@reverbnation.com,416-390-5800,31862 Meadow Ridge Junction
374,Lindon Kurton,lkurtonad@rakuten.co.jp,612-196-9406,88 Burning Wood Terrace
375,Helena Birkhead,hbirkheadae@sina.com.cn,211-697-6231,519 Nancy Street
376,Jdavie Kempson,jkempsonaf@home.pl,206-817-3267,34300 Meadow Valley Pass
377,Ewen Hemshall,ehemshallag@weebly.com,238-904-3900,66957 Moulton Point
378,Claybourne Strangward,cstrangwardah@yelp.com,467-613-2178,0 Chinook Circle
379,Winnifred Yewman,wyewmanai@shinystat.com,208-968-9094,50 Bobwhite Junction
380,Augie Rabjohn,arabjohnaj@nsw.gov.au,626-234-7430,8777 Esch Lane
381,Marjory Losemann,mlosemannak@mail.ru,547-946-9672,9 Golf View Parkway
382,Marybeth Wilford,mwilfordal@google.com.hk,558-115-3309,7999 Bobwhite Place
383,Shurwood Maha,smahaam@google.ca,543-905-6058,980 Union Pass
384,Lucy Nethercott,lnethercottan@weibo.com,641-184-6167,72 Maple Junction
385,Devina Ceschi,dceschiao@flickr.com,879-587-5783,7997 Sunfield Avenue
386,Paulie Morales,pmoralesap@sourceforge.net,142-728-7619,73823 Hollow Ridge Way
387,Rochelle Honisch,rhonischaq@parallels.com,993-235-5487,320 Grasskamp Avenue
388,Lindsay Newns,lnewnsar@dailymotion.com,870-807-3485,6 Tony Way
389,Tiphanie Thorlby,tthorlbyas@state.tx.us,237-991-1392,3556 Algoma Crossing
390,Melitta Terran,mterranat@soup.io,249-869-5418,165 Clemons Court
391,Star Gibbieson,sgibbiesonau@arizona.edu,956-266-7254,933 Westridge Way
392,Corrie Buller,cbullerav@wp.com,429-586-7145,2560 Ronald Regan Alley
393,Betty Spanswick,bspanswickaw@etsy.com,198-791-2213,7 Judy Drive
394,Dyan Kearton,dkeartonax@adobe.com,257-489-5423,55491 Vahlen Point
395,Dot Billanie,dbillanieay@biglobe.ne.jp,167-854-1428,6 Veith Street
396,Vincenz Davidsson,vdavidssonaz@paginegialle.it,475-179-7650,5020 Buell Terrace
397,Katrine Glendenning,kglendenningb0@vimeo.com,388-767-4479,68712 Pankratz Pass
398,Doria Kepp,dkeppb1@blinklist.com,383-492-6486,16790 Sommers Lane
399,Connie Bernardino,cbernardinob2@newyorker.com,167-171-5264,37506 Sutherland Terrace
400,Madel Alabastar,malabastarb3@liveinternet.ru,633-921-4634,90 Montana Plaza
401,Patin Howitt,phowittb4@miibeian.gov.cn,252-822-9721,374 Leroy Hill
402,Dorothy Tucker,dtuckerb5@google.ca,999-967-0174,73534 Maryland Junction
403,Fawnia Allsop,fallsopb6@sogou.com,242-929-8491,802 Main Terrace
404,Cacilia Bristoe,cbristoeb7@shinystat.com,570-974-4020,87208 5th Court
405,Mirelle Petters,mpettersb8@ca.gov,271-278-1559,119 Anthes Court
406,Tirrell Eager,teagerb9@who.int,298-334-9007,33 Loeprich Road
407,Alica Vanyard,avanyardba@skyrock.com,284-846-1205,3733 Briar Crest Alley
408,Filberto Bell,fbellbb@google.pl,477-161-6545,397 Arizona Trail
409,Tarah Touzey,ttouzeybc@twitpic.com,790-673-6582,0395 Jay Point
410,Nessa Blakeston,nblakestonbd@forbes.com,142-109-0886,90 Village Green Alley
411,Mendie Priestner,mpriestnerbe@nydailynews.com,909-904-5134,65 Ilene Center
412,Cordie Rackham,crackhambf@vimeo.com,707-539-5955,8 Village Junction
413,Rori Chestle,rchestlebg@marriott.com,104-416-1206,09 Brentwood Court
414,Nanni Bloor,nbloorbh@e-recht24.de,662-836-3747,5236 Dawn Road
415,Branden Laguerre,blaguerrebi@phoca.cz,940-330-1851,3 Walton Drive
416,Franciskus Rapsey,frapseybj@epa.gov,460-161-5739,3869 Springs Pass
417,Lily Bartlam,lbartlambk@latimes.com,344-331-7021,984 Maple Pass
418,Yvette Proback,yprobackbl@craigslist.org,785-954-8789,19 Meadow Valley Place
419,Elvin Youthed,eyouthedbm@github.com,219-806-6131,8 Walton Junction
420,Myrah Cardiff,mcardiffbn@cloudflare.com,971-154-8013,5675 La Follette Street
421,Alina Cometson,acometsonbo@ycombinator.com,908-927-0676,316 Waywood Crossing
422,Zola Kemmet,zkemmetbp@123-reg.co.uk,759-257-5258,3 Gale Street
423,Gradeigh Storton,gstortonbq@samsung.com,812-129-1954,45029 Armistice Terrace
424,Florenza Rubinovitch,frubinovitchbr@whitehouse.gov,214-847-0992,68224 Anhalt Hill
425,Misha Bretherton,mbrethertonbs@cnet.com,344-554-4679,086 Roth Avenue
426,Hesther Szymoni,hszymonibt@fastcompany.com,164-348-7390,00 Colorado Park
427,Cathi Wadesworth,cwadesworthbu@mashable.com,503-558-8569,52240 Karstens Parkway
428,Harold Ramelot,hramelotbv@businesswire.com,566-419-3646,5477 Kings Trail
429,Ker Aspinal,kaspinalbw@xrea.com,624-261-9537,3101 Anderson Alley
430,Lethia Pykett,lpykettbx@wsj.com,984-577-2805,02277 Caliangt Park
431,Ortensia Brogioni,obrogioniby@comsenz.com,896-509-8154,76680 Burrows Drive
432,Evey Labb,elabbbz@technorati.com,259-734-8861,915 Continental Road
433,Benny Band,bbandc0@discovery.com,271-735-1824,1 Union Road
434,Arden Sturm,asturmc1@linkedin.com,211-148-7033,4998 Fairview Court
435,Valentino Hainey,vhaineyc2@bluehost.com,327-211-7089,1 Hazelcrest Parkway
436,Wallis Halfacree,whalfacreec3@pcworld.com,698-244-1943,2 Sachs Way
437,Dre Happel,dhappelc4@constantcontact.com,328-557-7009,16893 Pierstorff Plaza
438,Dewey Selburn,dselburnc5@fotki.com,467-432-8247,5520 Dwight Way
439,Tybalt Josland,tjoslandc6@bbb.org,196-699-5391,4 6th Lane
440,Alberik Burless,aburlessc7@scientificamerican.com,514-683-9943,7172 Main Way
441,Giulietta Ivatt,givattc8@t.co,305-825-3591,17 Park Meadow Junction
442,Verina Longthorne,vlongthornec9@usgs.gov,738-963-8967,7533 Charing Cross Circle
443,Ailis Corssen,acorssenca@friendfeed.com,769-779-1347,85146 Sutteridge Lane
444,Melvyn Steffan,msteffancb@unblog.fr,716-361-1548,7 Everett Way
445,Giavani Grayley,ggrayleycc@goo.ne.jp,922-161-4052,0 Schurz Junction
446,Jase Rivilis,jriviliscd@wiley.com,828-986-2210,6 Warrior Trail
447,Lisetta Callum,lcallumce@parallels.com,687-210-2537,462 Barby Avenue
448,Sadie Philpault,sphilpaultcf@creativecommons.org,801-815-6526,741 Bellgrove Hill
449,Anthiathia Sneath,asneathcg@hatena.ne.jp,781-418-8591,08 Muir Drive
450,Bernelle Gerlack,bgerlackch@washington.edu,208-801-1901,5 Summit Lane
451,Sergio Pallesen,spallesenci@chronoengine.com,687-321-7561,40145 Sunfield Park
452,Bud De la croix,bdecj@geocities.com,108-472-1562,727 Prairieview Plaza
453,Cassey Cawley,ccawleyck@ucla.edu,687-302-4950,53 Oriole Center
454,Rowan Aumerle,raumerlecl@amazonaws.com,960-422-3972,5202 5th Junction
455,Mason Greatorex,mgreatorexcm@dailymail.co.uk,757-256-3327,0375 Hansons Trail
456,Zitella Schimek,zschimekcn@washington.edu,237-941-9620,1 Morning Drive
457,Brew MacRierie,bmacrierieco@cdc.gov,829-291-3525,8 Commercial Trail
458,Frasco Jozefowicz,fjozefowiczcp@youku.com,649-610-7976,909 Longview Place
459,Roberta De-Ville,rdevillecq@intel.com,316-430-5904,4000 Homewood Point
460,Wilfrid Dietsche,wdietschecr@liveinternet.ru,358-432-5348,11952 Ramsey Place
461,Udale Siburn,usiburncs@prlog.org,120-505-4514,0 Lakewood Gardens Pass
462,Stillmann Brusby,sbrusbyct@cdbaby.com,901-439-7072,7376 Shoshone Parkway
463,Ardith Waltering,awalteringcu@imageshack.us,244-977-0214,54 Morningstar Lane
464,Sylvia Rydzynski,srydzynskicv@mayoclinic.com,561-886-8297,36 Bay Avenue
465,Rani Gandrich,rgandrichcw@purevolume.com,266-393-0110,6448 Oneill Hill
466,Trudey Sinkins,tsinkinscx@nih.gov,458-975-4413,00132 Nobel Alley
467,Rowe Yukhnov,ryukhnovcy@blogger.com,675-504-8203,58184 Stoughton Alley
468,Rorke Earsman,rearsmancz@storify.com,282-811-1886,5 Vernon Junction
469,Michele Gowthorpe,mgowthorped0@hexun.com,416-442-8758,34801 Summit Way
470,Nancey Yellowlea,nyellowlead1@businessweek.com,854-834-6127,997 Valley Edge Court
471,Ritchie Hellwich,rhellwichd2@cargocollective.com,273-724-1128,529 Spaight Parkway
472,Ellissa Marjanovic,emarjanovicd3@histats.com,500-634-5414,64410 Veith Parkway
473,Gaye Deering,gdeeringd4@istockphoto.com,217-617-7692,8700 Fulton Hill
474,Devin Cusworth,dcusworthd5@jiathis.com,181-231-4574,8982 Village Way
475,Reagen Blunt,rbluntd6@canalblog.com,655-267-4270,439 Eggendart Center
476,Ardath Dalgarnowch,adalgarnowchd7@newsvine.com,694-265-7257,0598 Manitowish Place
477,Teodor Dowdle,tdowdled8@fda.gov,737-208-0043,4 Riverside Circle
478,Abagael Syms,asymsd9@sciencedirect.com,896-221-0371,2 Sommers Hill
479,Rriocard Cicetti,rcicettida@tamu.edu,649-279-2674,19285 Logan Point
480,Massimo Runham,mrunhamdb@clickbank.net,612-246-3795,05355 Main Road
481,Paton Garner,pgarnerdc@webnode.com,655-906-8869,6 Eliot Drive
482,Abigale Fattori,afattoridd@yahoo.co.jp,966-253-4748,0 Reindahl Pass
483,Shalom Greenslade,sgreensladede@wunderground.com,562-585-4849,83786 Hoffman Point
484,Valerie Bonnaire,vbonnairedf@phpbb.com,123-433-1750,6 Elgar Center
485,Corty Grunbaum,cgrunbaumdg@cdbaby.com,829-665-9586,0 Barby Center
486,Emmeline Biset,ebisetdh@amazon.com,788-330-6966,21633 Swallow Pass
487,Lurleen Muston,lmustondi@e-recht24.de,272-907-7613,4600 Northview Center
488,Gayle Bernet,gbernetdj@youtube.com,891-907-9419,6 Almo Court
489,Land Margrie,lmargriedk@ovh.net,169-953-8940,31750 Cherokee Way
490,Falkner Frusher,ffrusherdl@freewebs.com,569-617-5835,868 Meadow Vale Pass
491,Mace Rothwell,mrothwelldm@phpbb.com,404-622-0495,6164 Judy Lane
492,Belia Diviny,bdivinydn@oracle.com,498-782-9496,614 Havey Drive
493,Fannie Aishford,faishforddo@sakura.ne.jp,210-756-2132,5895 Center Point
494,Cami Stonelake,cstonelakedp@google.pl,130-558-9030,64 Stoughton Road
495,Olympie Housecraft,ohousecraftdq@joomla.org,514-938-6479,44 Mallory Road
496,Charlean Redler,credlerdr@github.com,263-594-7762,4 Norway Maple Lane
497,Edvard Petters,epettersds@va.gov,293-723-2900,8 Heffernan Circle
498,Marina Laidel,mlaideldt@bravesites.com,325-914-8861,70583 Sheridan Terrace
499,Melanie Rossander,mrossanderdu@umich.edu,119-248-0409,33 Buhler Lane
500,Mady Fakes,mfakesdv@tmall.com,242-865-9333,889 Evergreen Point
501,Ardeen Chown,achowndw@paypal.com,570-770-8935,8 Westerfield Plaza
502,Kliment O'Mahoney,komahoneydx@digg.com,422-542-2723,31331 Delaware Hill
503,Angus Cardnell,acardnelldy@netscape.com,615-321-2611,33 Merry Center
504,Angelico Rubes,arubesdz@cargocollective.com,142-653-3388,6010 Anderson Alley
505,Evvy McCutheon,emccutheone0@paginegialle.it,464-463-5330,25462 Claremont Place
506,Patsy Janew,pjanewe1@admin.ch,699-268-7358,0197 Schurz Park
507,Reggy Budcock,rbudcocke2@multiply.com,826-514-7262,548 Bluejay Point
508,Stuart Denziloe,sdenziloee3@ucsd.edu,211-769-4589,144 Truax Park
509,Nelson Haggidon,nhaggidone4@acquirethisname.com,257-925-1089,74443 Gulseth Street
510,Thadeus Bromfield,tbromfielde5@example.com,194-139-9647,2262 Ridge Oak Park
511,Zara Caser,zcasere6@state.tx.us,785-491-8402,0010 Sloan Circle
512,Honoria Capnerhurst,hcapnerhurste7@mapy.cz,205-829-0773,9209 Warbler Center
513,Llewellyn Heller,lhellere8@wikimedia.org,301-396-5004,27 Northland Trail
514,Stephani Allnutt,sallnutte9@shinystat.com,827-371-1818,38728 Nova Point
515,Anette Cufflin,acufflinea@free.fr,948-579-6821,87 Springs Alley
516,Lila Blackstone,lblackstoneeb@netlog.com,700-636-5479,27 Jackson Circle
517,Vinnie Holstein,vholsteinec@cargocollective.com,605-764-4743,57546 Dexter Center
518,Conni Goadby,cgoadbyed@soup.io,408-577-2931,8 Marquette Avenue
519,Jacinthe Clemenson,jclemensonee@delicious.com,158-778-1183,7 Rowland Court
520,Dominik Bennetto,dbennettoef@yahoo.co.jp,579-345-5386,9026 Onsgard Way
521,Jessa Smiths,jsmithseg@google.cn,393-843-8092,061 Prentice Point
522,Lion Dunford,ldunfordeh@zdnet.com,470-330-9359,70 Gale Lane
523,Fionnula Houltham,fhoulthamei@creativecommons.org,416-435-8522,1 Pankratz Pass
524,Mariya Dean,mdeanej@usa.gov,646-713-0289,41 Donald Lane
525,Juliann Pech,jpechek@reference.com,978-943-3366,893 Dottie Plaza
526,Rice Middlewick,rmiddlewickel@facebook.com,825-230-8081,50300 Glacier Hill Avenue
527,Ario Stocky,astockyem@examiner.com,848-913-3054,5 Monterey Terrace
528,Waldemar Jizhaki,wjizhakien@mozilla.com,984-206-2673,5412 Forest Plaza
529,Carry Murty,cmurtyeo@yandex.ru,502-830-4852,03941 Troy Plaza
530,Lou Ickovici,lickoviciep@earthlink.net,589-942-5357,529 Westport Street
531,Fanny Scone,fsconeeq@fotki.com,552-785-4259,6457 Clyde Gallagher Circle
532,Malorie De Vaar,mdeer@privacy.gov.au,888-900-9138,3306 Carioca Crossing
533,Simone Oleksinski,soleksinskies@youtu.be,921-181-7705,46360 Pleasure Drive
534,Timmie Giblin,tgiblinet@gmpg.org,330-484-5117,0412 Crownhardt Junction
535,Ric Sydenham,rsydenhameu@mapy.cz,454-996-8786,038 Doe Crossing Crossing
536,Carl Ewing,cewingev@kickstarter.com,761-822-7157,400 Milwaukee Alley
537,Kiersten Witchalls,kwitchallsew@msn.com,201-945-3192,353 Ridgeview Drive
538,Mario Brewse,mbrewseex@simplemachines.org,727-162-1211,5270 Lakeland Junction
539,Ambur Birdsey,abirdseyey@naver.com,782-164-3219,36594 Ronald Regan Avenue
540,Caleb Petley,cpetleyez@google.com.br,830-727-6611,5 Shoshone Avenue
541,Lise Franceschi,lfranceschif0@wired.com,330-718-9361,9463 Thackeray Center
542,Sergio Mozzi,smozzif1@cdbaby.com,818-367-0595,28 Mifflin Pass
543,Clarabelle Flett,cflettf2@jigsy.com,328-701-0249,7422 Hooker Terrace
544,Kathleen Instock,kinstockf3@taobao.com,846-870-4446,97583 Declaration Road
545,Svend Clandillon,sclandillonf4@comcast.net,441-273-5240,57 Ridgeview Street
546,Ari Calverd,acalverdf5@dot.gov,367-440-9540,45553 Monica Plaza
547,Sibilla Stokell,sstokellf6@liveinternet.ru,824-912-9528,51 Bunting Court
548,Tally Pays,tpaysf7@bandcamp.com,846-350-5590,7 Sloan Place
549,Aurel Buy,abuyf8@archive.org,650-686-4855,81756 Sloan Park
550,Sharon Dwine,sdwinef9@kickstarter.com,922-914-1068,2774 Bluestem Street
551,Nathanial Krysztofowicz,nkrysztofowiczfa@archive.org,200-758-4503,106 Caliangt Road
552,Jenica Ozanne,jozannefb@mapquest.com,892-100-0164,6 Banding Park
553,Kippy Elnough,kelnoughfc@merriam-webster.com,342-642-4659,392 Memorial Road
554,Salomon Ludwikiewicz,sludwikiewiczfd@wix.com,606-271-6519,5 Moland Place
555,Binky Surgey,bsurgeyfe@gravatar.com,810-154-4206,75119 Lien Road
556,Tessie Starte,tstarteff@auda.org.au,215-409-2018,6815 Crest Line Hill
557,Gare Bothe,gbothefg@time.com,294-705-0100,99 Fairview Avenue
558,Nike Canedo,ncanedofh@dot.gov,554-824-3319,550 Memorial Center
559,Althea Tidy,atidyfi@techcrunch.com,137-174-9925,81666 Anhalt Avenue
560,Wat Jaulmes,wjaulmesfj@abc.net.au,243-890-9703,46515 Service Circle
561,Everard Buff,ebufffk@mac.com,138-324-9597,799 Reindahl Trail
562,Kristine Lean,kleanfl@google.fr,900-982-6508,08 Golf Course Trail
563,Ame Lody,alodyfm@nih.gov,775-535-4530,44 Fulton Street
564,Ilysa Riep,iriepfn@soundcloud.com,137-640-6775,562 Maywood Street
565,Sigismundo MacKain,smackainfo@bigcartel.com,628-895-8035,9999 Butternut Hill
566,Emilio Izatt,eizattfp@msu.edu,656-881-8537,5930 Jana Circle
567,Blanche Matfin,bmatfinfq@360.cn,121-853-9315,3884 Express Point
568,Spence Toland,stolandfr@addtoany.com,611-414-8723,9453 Arizona Lane
569,Roana Preskett,rpreskettfs@gravatar.com,665-103-6660,21 American Lane
570,Temple Rattray,trattrayft@icq.com,885-646-5522,700 Miller Avenue
571,Maureene Neame,mneamefu@about.me,999-150-5101,2 Arizona Circle
572,Jimmy Wayt,jwaytfv@oracle.com,671-190-2401,09029 Sherman Street
573,Cassaundra Pither,cpitherfw@cocolog-nifty.com,147-957-2674,0410 South Way
574,Jeddy Arrell,jarrellfx@ox.ac.uk,779-384-1212,0 Bayside Alley
575,Ann-marie McKeveney,amckeveneyfy@mozilla.com,582-980-4176,97 Fulton Circle
576,Lucais Filippozzi,lfilippozzifz@guardian.co.uk,742-534-7251,1775 Cottonwood Park
577,Beatrix Wackley,bwackleyg0@sfgate.com,795-961-8221,7 Waywood Parkway
578,Mireille Muldrew,mmuldrewg1@slate.com,507-150-4155,1 Wayridge Crossing
579,Lilas Quiddington,lquiddingtong2@shop-pro.jp,944-623-3164,4648 Stang Hill
580,Melisent Conman,mconmang3@amazonaws.com,925-992-5059,9 Ronald Regan Pass
581,Abramo Bellam,abellamg4@furl.net,954-926-6213,4 Delaware Court
582,Lilli Paddle,lpaddleg5@networkadvertising.org,801-114-3418,402 Ridge Oak Road
583,Magdalena Impey,mimpeyg6@last.fm,290-863-7696,69592 Cascade Lane
584,Shoshana Cairney,scairneyg7@alibaba.com,300-813-0001,6393 Welch Plaza
585,Kalvin Berford,kberfordg8@msn.com,634-843-6389,04509 Bluestem Court
586,Morgana Salvage,msalvageg9@google.com.br,246-676-1523,40 Birchwood Crossing
587,Lucita Cadwaladr,lcadwaladrga@nymag.com,428-528-1600,36867 Hanover Lane
588,Eduino Sappson,esappsongb@sohu.com,572-998-9751,95 Bobwhite Avenue
589,Maximilien Stichall,mstichallgc@google.com.hk,754-625-9083,1 Riverside Alley
590,Fraze Gunnell,fgunnellgd@skyrock.com,107-449-3841,68191 Commercial Hill
591,Milicent Hadye,mhadyege@acquirethisname.com,692-301-4377,99 Delaware Pass
592,Micheline D'Angeli,mdangeligf@earthlink.net,363-961-7533,266 Lakewood Gardens Place
593,Enos Tetla,etetlagg@mayoclinic.com,813-494-3903,6 Esker Plaza
594,Clovis Colledge,ccolledgegh@miitbeian.gov.cn,585-492-7394,936 Montana Terrace
595,Diandra Coldrick,dcoldrickgi@altervista.org,157-346-6569,51 Larry Alley
596,Von Lomax,vlomaxgj@independent.co.uk,280-528-4411,34 Esker Circle
597,Noah Menere,nmeneregk@gnu.org,811-679-6559,5635 Merchant Circle
598,Dione Goodee,dgoodeegl@sun.com,142-149-0483,2 Maple Drive
599,Nils Elia,neliagm@reddit.com,421-678-5424,26419 Karstens Road
600,Ginelle Uzzell,guzzellgn@geocities.com,393-395-8023,158 Lakeland Point
601,Pat Cansfield,pcansfieldgo@moonfruit.com,501-148-8266,84 Bluestem Drive
602,Rita Cullinan,rcullinangp@bloglines.com,716-999-6575,5 Moose Hill
603,Nikolia Devo,ndevogq@marriott.com,174-319-7817,3 Almo Center
604,Early Danet,edanetgr@people.com.cn,629-293-0395,07 David Park
605,Merrilee Pirson,mpirsongs@home.pl,232-303-0320,6173 Valley Edge Street
606,Danielle Ricarde,dricardegt@xrea.com,396-474-9998,90366 Ronald Regan Drive
607,Devondra MacDowal,dmacdowalgu@craigslist.org,377-693-2959,5769 Calypso Court
608,Hadleigh Dayes,hdayesgv@go.com,884-909-9657,63 Lighthouse Bay Street
609,Jard Winley,jwinleygw@opera.com,908-338-5141,47782 Caliangt Drive
610,Neil Caslett,ncaslettgx@ucoz.com,411-318-9230,505 Vermont Hill
611,Ky Jeanesson,kjeanessongy@nationalgeographic.com,876-730-1976,50 Mitchell Place
612,Kristofer Jenton,kjentongz@timesonline.co.uk,144-515-3110,55839 Lerdahl Circle
613,Jordon Simpkiss,jsimpkissh0@icio.us,908-259-2665,415 Dahle Junction
614,Kahlil Holleran,kholleranh1@columbia.edu,759-703-6707,21 Stang Junction
615,Karin Arlett,karletth2@howstuffworks.com,724-166-1019,6 Sage Street
616,Mahalia Soff,msoffh3@adobe.com,759-981-1709,43505 Delaware Center
617,Annadiana Dockree,adockreeh4@blinklist.com,639-247-8088,468 Village Hill
618,Tate Lowis,tlowish5@google.pl,249-569-5385,24 Reinke Park
619,Iolanthe Finlator,ifinlatorh6@cornell.edu,745-275-3094,4158 Canary Hill
620,Benny McKinless,bmckinlessh7@cornell.edu,433-104-0892,8 Maywood Drive
621,Libbie O'Fairy,lofairyh8@nhs.uk,745-925-0047,6930 Delaware Avenue
622,Retha Christoforou,rchristoforouh9@adobe.com,139-216-9249,8 Schmedeman Street
623,Roselin Schimke,rschimkeha@zimbio.com,792-431-1041,48 North Point
624,Morgen Foss,mfosshb@opensource.org,399-720-8830,45 Lakeland Alley
625,Horatia Catcheside,hcatchesidehc@networkadvertising.org,688-576-8365,5 Dovetail Pass
626,Dania Seden,dsedenhd@acquirethisname.com,626-744-2622,10 Nancy Circle
627,Alexia Messer,amesserhe@addthis.com,547-699-4788,838 Vidon Lane
628,Aguistin Kennefick,akennefickhf@bloomberg.com,305-536-3033,7385 Dennis Plaza
629,Cesare Rothera,crotherahg@ning.com,809-696-2003,8860 Golf Drive
630,Jeanna Mabbutt,jmabbutthh@creativecommons.org,469-871-6391,37 Drewry Drive
631,Jesus Giraudo,jgiraudohi@upenn.edu,799-446-3005,65 Larry Way
632,Pegeen Uvedale,puvedalehj@skype.com,558-760-8146,52 Arizona Terrace
633,Sadella Feldfisher,sfeldfisherhk@purevolume.com,367-386-7985,6 Gulseth Way
634,Randie Kingaby,rkingabyhl@aol.com,790-567-9828,2 Calypso Point
635,Dunc Catanheira,dcatanheirahm@salon.com,930-958-0014,46 Meadow Valley Point
636,Boyce Beston,bbestonhn@google.com,503-313-5238,9472 Crowley Junction
637,Hildagard Dennington,hdenningtonho@jimdo.com,576-421-9070,047 Basil Lane
638,Northrup Varfolomeev,nvarfolomeevhp@taobao.com,578-473-7505,62 Arkansas Place
639,Nananne Dashwood,ndashwoodhq@mail.ru,164-413-7282,7 Pennsylvania Crossing
640,Marice Verbrugge,mverbruggehr@soundcloud.com,348-172-7108,64 Lyons Crossing
641,Etheline Peartree,epeartreehs@webeden.co.uk,988-600-0138,89 Miller Crossing
642,Sterne Mc Mechan,smcht@dedecms.com,335-317-0906,93582 Bayside Junction
643,Birk Coke,bcokehu@google.com,820-298-2262,6456 David Center
644,Wenona Bezzant,wbezzanthv@51.la,299-143-8109,5 Cherokee Avenue
645,Franciskus Arnaudin,farnaudinhw@about.com,524-356-7381,2 Dapin Place
646,Filberto Ashness,fashnesshx@wikia.com,312-202-9173,49865 Paget Road
647,Celle Tomeo,ctomeohy@sphinn.com,661-908-1471,886 Gerald Court
648,Ashli MacNeely,amacneelyhz@slideshare.net,784-462-4891,23016 Village Plaza
649,Wynn Boichat,wboichati0@tiny.cc,301-209-0903,4680 Monument Circle
650,Mia Clemmensen,mclemmenseni1@google.it,137-364-1429,56 Bonner Alley
651,Devin Dellenbroker,ddellenbrokeri2@canalblog.com,265-778-6546,61 Farmco Place
652,Lottie Quiddington,lquiddingtoni3@go.com,409-804-3735,01256 Kim Street
653,Pat Anchor,panchori4@jiathis.com,476-771-8071,5119 Manitowish Street
654,Flora Witherington,fwitheringtoni5@free.fr,782-228-1128,508 Raven Terrace
655,Edithe Winspar,ewinspari6@ycombinator.com,184-376-7707,18518 Stoughton Parkway
656,Dianne Putson,dputsoni7@shinystat.com,569-315-9955,8 2nd Parkway
657,Jordana Ortelt,jortelti8@stanford.edu,615-184-6914,6 Leroy Court
658,Kerrin Cundey,kcundeyi9@omniture.com,559-416-3447,5823 Pankratz Drive
659,Chelsea O'Crowley,cocrowleyia@fema.gov,698-899-5832,23360 Division Lane
660,Patrick Thompson,pthompsonib@multiply.com,388-880-7244,1 Lerdahl Crossing
661,Rosalie Varty,rvartyic@parallels.com,630-959-8502,72645 Independence Crossing
662,Lazar Windress,lwindressid@nih.gov,832-889-6747,99 Continental Hill
663,Kellina Gwillyam,kgwillyamie@zimbio.com,907-550-5676,9446 Eggendart Circle
664,Hugues Axe,haxeif@slideshare.net,928-770-8573,17300 Rutledge Avenue
665,Beryle O'Dunniom,bodunniomig@elegantthemes.com,842-849-7323,569 Cody Place
666,Eleanor Eccleshall,eeccleshallih@guardian.co.uk,445-991-8972,08 Gateway Center
667,Marybelle Pawsey,mpawseyii@stumbleupon.com,461-208-6265,194 Gateway Avenue
668,Ignatius Soeiro,isoeiroij@youku.com,686-950-0410,09442 American Ash Park
669,Marlow Mapston,mmapstonik@msn.com,938-134-7220,66 Trailsway Street
670,Octavius Steinson,osteinsonil@fastcompany.com,120-665-1894,543 Nova Parkway
671,Marigold Lehr,mlehrim@chicagotribune.com,769-586-5537,9 Clarendon Pass
672,Marwin Hattrick,mhattrickin@pcworld.com,234-307-9072,56705 Sutherland Terrace
673,Caesar Rapkins,crapkinsio@cisco.com,992-783-0519,96155 Kim Lane
674,Chicky Moscone,cmosconeip@loc.gov,175-261-2584,720 Service Court
675,Catarina Wilfinger,cwilfingeriq@house.gov,761-490-1009,02 Lyons Way
676,Gaultiero Folkerd,gfolkerdir@yale.edu,374-954-9633,31978 Harper Junction
677,Georgeta Graal,ggraalis@cdc.gov,676-540-9162,7234 Thackeray Parkway
678,Burg Cattlemull,bcattlemullit@cmu.edu,164-743-2655,74787 Anderson Plaza
679,Reuben Sawood,rsawoodiu@china.com.cn,410-147-7000,48588 Roxbury Place
680,Judi Beton,jbetoniv@apache.org,235-255-8207,45 Vermont Drive
681,Josselyn Grzelczak,jgrzelczakiw@engadget.com,714-308-3797,51965 Bellgrove Center
682,Dania Mingame,dmingameix@reddit.com,559-714-2249,6132 Fisk Crossing
683,Hewet Ketchaside,hketchasideiy@tripadvisor.com,371-537-8381,51 Oak Valley Crossing
684,Alma Dewick,adewickiz@thetimes.co.uk,368-814-2557,4280 Brown Park
685,Mandi Berge,mbergej0@ucoz.com,567-101-8853,4837 Ridge Oak Parkway
686,Kerrie Dwerryhouse,kdwerryhousej1@cmu.edu,339-927-0702,54281 Chive Way
687,Ange Jime,ajimej2@geocities.com,618-611-9995,96 Lindbergh Court
688,Val Gellier,vgellierj3@google.fr,615-813-9891,1722 Jana Point
689,Leola Spaice,lspaicej4@google.com,401-644-5853,01 Fisk Alley
690,Temp Barthorpe,tbarthorpej5@washingtonpost.com,462-699-8668,3239 Myrtle Alley
691,Sara Cheesworth,scheesworthj6@time.com,260-744-0563,644 Parkside Alley
692,Lynett Ewbank,lewbankj7@stanford.edu,610-191-8247,44233 Sommers Alley
693,Berkly Negro,bnegroj8@intel.com,270-954-7635,9536 Northland Point
694,Reed Denne,rdennej9@kickstarter.com,727-315-8602,6470 Sachs Terrace
695,Arlana Sline,aslineja@hugedomains.com,794-287-3060,14621 Manufacturers Drive
696,Tabbie Leopard,tleopardjb@wordpress.com,804-460-9090,8 Pierstorff Pass
697,Elaina MacCole,emaccolejc@spotify.com,231-481-9609,1622 Duke Way
698,Tobie Waugh,twaughjd@newyorker.com,753-600-8079,7464 Badeau Lane
699,Jaymie Fullerd,jfullerdje@shutterfly.com,675-469-4191,34 Ramsey Parkway
700,Richy Allchorne,rallchornejf@ft.com,615-791-0173,86 Springview Point
701,Rachael Itzakson,ritzaksonjg@shutterfly.com,748-344-7786,75 Stone Corner Terrace
702,Gian Freeborne,gfreebornejh@example.com,707-960-4125,4850 Harbort Court
703,Ingemar Jery,ijeryji@icq.com,495-833-3201,846 Fulton Trail
704,Stephenie Vanyarkin,svanyarkinjj@furl.net,488-890-0862,877 Mayfield Court
705,Vitia Gildersleeve,vgildersleevejk@sciencedaily.com,371-726-0824,786 Eagan Parkway
706,Alfy Baggallay,abaggallayjl@usda.gov,390-857-7076,40 Sutherland Drive
707,Agata McGifford,amcgiffordjm@opensource.org,684-784-5626,32 Roth Place
708,Avram Brouncker,abrounckerjn@topsy.com,202-850-8547,82356 Merchant Lane
709,Cullie Morstatt,cmorstattjo@i2i.jp,564-805-7540,442 Del Mar Center
710,Bonnibelle Filippello,bfilippellojp@w3.org,567-335-6568,22699 Buena Vista Place
711,Benedicta Jewitt,bjewittjq@sohu.com,174-893-0194,759 Everett Drive
712,Loreen Waterhous,lwaterhousjr@wordpress.com,656-432-9443,39158 Maywood Terrace
713,Delano Heinke,dheinkejs@mayoclinic.com,318-812-0030,2765 Dapin Plaza
714,Aaren Haddy,ahaddyjt@jimdo.com,171-951-0801,184 8th Lane
715,Saunder Hadwick,shadwickju@addthis.com,565-850-2914,90 Katie Court
716,Maisie Ainslie,mainsliejv@technorati.com,191-459-3637,296 Clarendon Place
717,Deidre Jerams,djeramsjw@blog.com,262-399-3240,9 Butterfield Terrace
718,Olin Snepp,osneppjx@unesco.org,440-581-9157,29884 Transport Road
719,Gustaf Kyles,gkylesjy@t-online.de,360-138-8925,475 Darwin Street
720,Jamey Giannassi,jgiannassijz@hp.com,756-332-3211,46844 Spaight Terrace
721,Lyndel Measen,lmeasenk0@ning.com,241-942-3052,3 Carberry Crossing
722,Eldon Allcorn,eallcornk1@home.pl,825-720-3939,4703 Barnett Junction
723,Claybourne Ciccone,ccicconek2@jimdo.com,111-884-0028,799 Forest Run Terrace
724,Franciska Gilkison,fgilkisonk3@wsj.com,343-576-9908,4 Westerfield Avenue
725,Harley Neeve,hneevek4@tiny.cc,952-266-4696,629 Rutledge Drive
726,Davin Sherred,dsherredk5@squarespace.com,875-978-0524,9265 Eastlawn Junction
727,Ajay Jerosch,ajeroschk6@cnet.com,872-144-2355,28533 Glendale Plaza
728,Arly Wastell,awastellk7@ifeng.com,153-599-1586,6416 5th Plaza
729,Coreen Windsor,cwindsork8@psu.edu,860-224-2751,7627 Talisman Park
730,Brewer Frantzeni,bfrantzenik9@tuttocitta.it,398-445-3095,499 Donald Center
731,Giffer Sotham,gsothamka@guardian.co.uk,516-322-4043,599 Boyd Drive
732,Deedee Dinkin,ddinkinkb@163.com,926-906-2262,833 Dwight Alley
733,Archer Vassman,avassmankc@redcross.org,632-241-7016,24122 Russell Terrace
734,Moira Mate,mmatekd@epa.gov,292-913-7896,9 Evergreen Alley
735,Edik Stitfall,estitfallke@businessweek.com,100-203-1550,04581 Warrior Center
736,Brewer Dory,bdorykf@cdc.gov,357-923-6054,61763 Fallview Terrace
737,Tommie Stealey,tstealeykg@kickstarter.com,465-871-2299,4 Bartillon Place
738,Pierre Crowcher,pcrowcherkh@nasa.gov,516-399-7349,885 Kedzie Plaza
739,Linn Duddan,lduddanki@last.fm,570-905-5765,2466 Reinke Place
740,Winston Birdwistle,wbirdwistlekj@comcast.net,879-552-8401,9434 Garrison Hill
741,Scarlett MacTrustram,smactrustramkk@google.es,303-442-5242,81075 Summit Plaza
742,Felecia Hewertson,fhewertsonkl@ed.gov,881-401-3200,47 John Wall Way
743,Charline Scholte,cscholtekm@state.gov,176-223-8179,022 Continental Lane
744,Chrysa Hadwin,chadwinkn@fastcompany.com,430-944-6212,56 North Way
745,Briny Williamson,bwilliamsonko@alibaba.com,400-342-5397,2 Hanover Pass
746,Bryn Sawforde,bsawfordekp@patch.com,498-455-0354,7 Fairfield Point
747,Yul Stitwell,ystitwellkq@addtoany.com,637-946-8558,3827 Northwestern Plaza
748,Omero Flintiff,oflintiffkr@domainmarket.com,238-248-4189,3 Fieldstone Terrace
749,Jacynth Chilton,jchiltonks@joomla.org,669-416-3336,549 School Junction
750,Bernie Proffer,bprofferkt@is.gd,152-449-1943,23525 Pawling Crossing
751,Bili Skeat,bskeatku@bloglovin.com,607-560-6671,4914 Arapahoe Street
752,Devondra Aartsen,daartsenkv@nyu.edu,352-870-4643,46 Doe Crossing Junction
753,Janos Creboe,jcreboekw@ucoz.ru,107-106-1676,40424 Almo Circle
754,Gennie Lerer,glererkx@t.co,574-396-4321,681 Victoria Street
755,Sherie Pooly,spoolyky@yale.edu,369-670-3012,75 Northfield Parkway
756,Cesya Humble,chumblekz@gizmodo.com,902-915-2220,2470 Clove Drive
757,Norry Lupton,nluptonl0@cam.ac.uk,777-104-5846,0939 Mariners Cove Park
758,Bertie Skerritt,bskerrittl1@ebay.co.uk,333-684-7492,2 Columbus Hill
759,Malina Leacy,mleacyl2@sphinn.com,567-559-7835,89187 Roth Street
760,Clare Ginnally,cginnallyl3@house.gov,317-995-2597,14 Stuart Plaza
761,Helen Mallinder,hmallinderl4@chron.com,283-374-7303,8637 Ridgeview Street
762,Marya Vize,mvizel5@seesaa.net,148-821-6055,82 Shasta Avenue
763,Hercules Dedrick,hdedrickl6@walmart.com,343-946-5436,3812 Emmet Drive
764,Chantal Tofful,ctoffull7@archive.org,213-565-2695,827 Hagan Drive
765,Dewie Pinks,dpinksl8@newyorker.com,410-516-1962,0862 Spohn Court
766,Patten Macvey,pmacveyl9@tinyurl.com,313-630-2711,49246 Buena Vista Court
767,Lissie Quaif,lquaifla@domainmarket.com,529-277-4303,8 Merchant Center
768,Keri O'Brogane,kobroganelb@fc2.com,752-530-3465,52227 Ramsey Lane
769,Huey Worgen,hworgenlc@virginia.edu,148-143-7248,679 Ramsey Road
770,Adlai Conroy,aconroyld@utexas.edu,247-363-5893,0 Derek Hill
771,Walden Casement,wcasementle@people.com.cn,536-395-3599,9 Russell Way
772,Garreth Greenhowe,ggreenhowelf@seattletimes.com,404-716-2139,3599 Stoughton Hill
773,Domini Crippin,dcrippinlg@ucoz.ru,986-181-1617,83985 Meadow Ridge Way
774,Ronalda Shorto,rshortolh@com.com,779-432-8129,886 Chinook Drive
775,Deny Harriman,dharrimanli@tamu.edu,632-177-5494,225 Briar Crest Circle
776,Sasha Bertolaccini,sbertolaccinilj@jalbum.net,268-115-0640,2785 Warbler Park
777,Saxe Leveridge,sleveridgelk@youtube.com,149-383-1418,05848 Forest Road
778,Kelly Killford,kkillfordll@princeton.edu,814-183-7099,930 Beilfuss Court
779,Avrit Gray,agraylm@exblog.jp,830-185-4819,1 Farwell Street
780,Tymothy Falco,tfalcoln@behance.net,408-697-3489,7 David Parkway
781,Livia Burkert,lburkertlo@ask.com,423-235-9446,8 East Point
782,Melisande Sauter,msauterlp@usda.gov,103-315-0117,7 Corry Hill
783,Christen Emmet,cemmetlq@webs.com,827-297-6422,0502 Sachtjen Pass
784,Lazarus Otterwell,lotterwelllr@hugedomains.com,935-400-6521,2998 Cherokee Lane
785,Barbey Millott,bmillottls@icq.com,158-163-8290,5489 Summerview Avenue
786,Netti Ruddock,nruddocklt@phoca.cz,235-421-2142,829 Grasskamp Park
787,Mack Olden,moldenlu@yellowpages.com,972-769-0863,4268 Harbort Avenue
788,Hobard Duetsche,hduetschelv@time.com,147-509-9317,41693 Redwing Junction
789,Bobby Mahomet,bmahometlw@harvard.edu,857-794-7031,68788 Rieder Center
790,Vince Beynkn,vbeynknlx@ning.com,444-311-8035,41223 Hagan Place
791,Elmo Edmead,eedmeadly@house.gov,238-117-6319,74952 Lakewood Circle
792,Melba McGinney,mmcginneylz@paginegialle.it,330-715-3285,5237 Forest Run Parkway
793,Brandyn Jann,bjannm0@myspace.com,937-376-7641,19 Dorton Crossing
794,Corey Burthom,cburthomm1@skyrock.com,310-308-3416,8752 Autumn Leaf Terrace
795,Lorinda Bartkowiak,lbartkowiakm2@pcworld.com,499-108-6227,1 American Ash Court
796,Randi Blaszkiewicz,rblaszkiewiczm3@alibaba.com,858-227-4142,3811 Browning Plaza
797,Terrance Drew-Clifton,tdrewcliftonm4@symantec.com,365-825-8698,794 Dahle Street
798,Mirilla Olford,molfordm5@archive.org,746-709-1108,63 Colorado Lane
799,Marlowe Tew,mtewm6@icio.us,845-723-8444,298 American Circle
800,Russell Pascall,rpascallm7@twitpic.com,723-707-2204,08 Jackson Circle
801,Dyanne Dingley,ddingleym8@cisco.com,790-641-1784,639 Arrowood Plaza
802,Carce Dyzart,cdyzartm9@wired.com,143-198-4774,2 Northridge Avenue
803,Penrod Ingamells,pingamellsma@thetimes.co.uk,397-662-6090,4 Melrose Pass
804,Jobie Reubel,jreubelmb@bizjournals.com,233-431-0475,3 Claremont Place
805,Pamella Edmund,pedmundmc@mail.ru,821-352-7755,51 Fairfield Trail
806,Bianka Rehorek,brehorekmd@examiner.com,651-891-7176,1128 Pankratz Drive
807,Tammi Napoleon,tnapoleonme@unblog.fr,963-128-5409,40 Burrows Place
808,Tine Detloff,tdetloffmf@eventbrite.com,883-415-3558,887 Cardinal Drive
809,Quint Assel,qasselmg@ocn.ne.jp,621-187-3143,404 Delaware Drive
810,Geoffrey Fitzgerald,gfitzgeraldmh@google.es,180-747-2347,61 Erie Junction
811,Elnar Folker,efolkermi@blogger.com,464-777-2463,30085 Muir Court
812,Ber Lukas,blukasmj@hexun.com,222-918-4059,93594 Scofield Lane
813,Marti Burriss,mburrissmk@hp.com,269-941-9573,211 Twin Pines Center
814,Lionello Ovize,lovizeml@digg.com,324-147-1630,0 Graedel Alley
815,Nikolos Jenner,njennermm@stumbleupon.com,677-837-8147,046 Mockingbird Junction
816,Hilary Vreede,hvreedemn@smh.com.au,803-956-0521,3657 American Street
817,Nester Phillis,nphillismo@biglobe.ne.jp,993-564-9544,3 Fairfield Alley
818,Olive McIlwraith,omcilwraithmp@thetimes.co.uk,419-719-8133,4626 Glacier Hill Drive
819,Sid Gwyneth,sgwynethmq@google.com.hk,231-503-3590,419 Cambridge Court
820,Onofredo Jardine,ojardinemr@cafepress.com,304-290-9924,457 Roth Court
821,Arabela Tollady,atolladyms@upenn.edu,826-767-7367,72 Roth Drive
822,Codie MacParland,cmacparlandmt@aboutads.info,935-260-3519,2586 Hudson Drive
823,Nicola Ketton,nkettonmu@redcross.org,547-601-6546,6119 Ridgeway Drive
824,Velma Bartoli,vbartolimv@about.com,846-196-2527,7517 Forster Plaza
825,Robert Pien,rpienmw@house.gov,716-754-9762,78 Erie Alley
826,Artur Hoofe,ahoofemx@bigcartel.com,289-853-2031,8 Nobel Avenue
827,Ripley Iddiens,riddiensmy@google.com.br,649-765-2598,88108 Old Gate Circle
828,Edee McInerney,emcinerneymz@altervista.org,688-759-4964,55475 Westerfield Point
829,Amargo Poundsford,apoundsfordn0@stanford.edu,235-661-0781,6380 Gerald Parkway
830,Letti Sidon,lsidonn1@pinterest.com,611-567-2476,6 Northport Alley
831,Carita Biddy,cbiddyn2@dot.gov,911-738-0584,83332 Muir Street
832,Tatum Learmont,tlearmontn3@ca.gov,264-922-1001,018 Prentice Hill
833,Cyndy Snar,csnarn4@opera.com,696-685-8104,40 Onsgard Trail
834,Hannis Dinnage,hdinnagen5@meetup.com,654-148-0494,4 Shoshone Terrace
835,Michal Matusevich,mmatusevichn6@huffingtonpost.com,789-406-1231,497 Lerdahl Avenue
836,Claudie Drohun,cdrohunn7@cnbc.com,751-180-9747,7757 Kedzie Park
837,Leticia Pinwill,lpinwilln8@drupal.org,193-616-1583,6682 Fair Oaks Point
838,Cassius Zeplin,czeplinn9@japanpost.jp,614-633-6209,60628 Maywood Road
839,Holli Oneill,honeillna@youku.com,141-611-5411,8417 John Wall Hill
840,Shelby Probbings,sprobbingsnb@ning.com,380-420-2224,1688 Anzinger Road
841,Teresa Willisch,twillischnc@lulu.com,980-929-6082,0604 Briar Crest Center
842,Claude Danielsky,cdanielskynd@go.com,503-306-9113,04 Rutledge Plaza
843,Cassie Fenge,cfengene@wsj.com,602-897-8631,4 Macpherson Park
844,Jedd Knottley,jknottleynf@fc2.com,632-846-6636,86 Graedel Place
845,Nona Brooks,nbrooksng@google.co.uk,235-241-1711,3041 Thompson Plaza
846,Torre Wilshire,twilshirenh@goodreads.com,824-564-9600,72098 Rowland Place
847,Alethea Atyeo,aatyeoni@prnewswire.com,343-782-9485,19460 Badeau Pass
848,Giustino Gallichan,ggallichannj@goo.gl,998-819-5028,9270 Warbler Alley
849,Albrecht Pancost,apancostnk@51.la,125-312-6417,78 Dottie Lane
850,Elfie Matveichev,ematveichevnl@vimeo.com,919-908-8152,4767 Linden Court
851,Isa Trinke,itrinkenm@rambler.ru,253-772-4382,05347 Cardinal Hill
852,Annalee Ravilious,araviliousnn@barnesandnoble.com,394-232-2778,1 Larry Terrace
853,Dicky Shillabeer,dshillabeerno@harvard.edu,756-615-7673,8 Loeprich Lane
854,Giraldo Capoun,gcapounnp@cmu.edu,861-605-7477,733 American Ash Circle
855,Dunn Yoxall,dyoxallnq@meetup.com,915-815-4354,6142 Thompson Park
856,Cyndia Pea,cpeanr@reverbnation.com,621-308-7003,9 Iowa Trail
857,Alisun Dudney,adudneyns@oakley.com,776-689-5330,86 Kensington Place
858,Johann Searjeant,jsearjeantnt@seattletimes.com,101-956-6543,874 Delladonna Plaza
859,Goldia Lindenblatt,glindenblattnu@apple.com,232-827-4068,8769 Express Way
860,Peyter Epgrave,pepgravenv@sina.com.cn,567-543-2568,7050 Michigan Court
861,Gamaliel Cawkwell,gcawkwellnw@dell.com,679-315-0628,2723 Weeping Birch Terrace
862,Diana Treweek,dtreweeknx@fotki.com,357-787-7435,7212 Fuller Court
863,Ulrica Brocket,ubrocketny@un.org,344-431-0238,73 Dexter Avenue
864,Delora Pettingill,dpettingillnz@miibeian.gov.cn,468-286-5163,6 Norway Maple Trail
865,Bob Firbanks,bfirbankso0@google.ru,267-777-7229,59667 Killdeer Road
866,Gardener Hess,ghesso1@cnn.com,542-444-9168,963 Express Alley
867,Cleavland Baude,cbaudeo2@tinyurl.com,482-500-4052,347 Warbler Court
868,Lorain Orgee,lorgeeo3@oaic.gov.au,791-623-6309,1 Morningstar Trail
869,Meghann Innott,minnotto4@webmd.com,237-273-1582,928 Westridge Court
870,Ellyn Mellmer,emellmero5@xinhuanet.com,714-104-7293,74 Heath Avenue
871,Free Bridgland,fbridglando6@blogspot.com,775-717-4018,838 Morrow Center
872,Clarance Nacci,cnaccio7@elpais.com,508-985-4140,0 Vidon Street
873,Norry Domenico,ndomenicoo8@nymag.com,433-207-8958,2 Steensland Hill
874,Shalom Tofful,stoffulo9@google.co.jp,734-212-1885,606 Jenifer Center
875,Carol Dive,cdiveoa@icq.com,367-916-9309,997 Doe Crossing Terrace
876,Ethel Rives,erivesob@wunderground.com,482-793-6909,583 Swallow Lane
877,Suzette Eberlein,seberleinoc@smh.com.au,750-560-7085,296 2nd Drive
878,Zaria Fairbairn,zfairbairnod@purevolume.com,756-467-5017,3365 Corry Street
879,Issie Darko,idarkooe@utexas.edu,525-423-4996,84 Bartelt Street
880,Coral Kidson,ckidsonof@google.com.au,797-641-8214,574 Clarendon Street
881,Even Eskriet,eeskrietog@liveinternet.ru,565-395-5256,1321 Superior Lane
882,Charity McJarrow,cmcjarrowoh@sciencedaily.com,440-393-2227,422 Manufacturers Hill
883,Olga Rosnau,orosnauoi@xinhuanet.com,866-159-2090,87 Jay Drive
884,Brunhilda Labes,blabesoj@nymag.com,324-929-0814,2 Pleasure Parkway
885,Dawn Waterdrinker,dwaterdrinkerok@google.com.hk,719-836-7568,47812 Clemons Center
886,Avrom Jahndel,ajahndelol@ted.com,107-481-7637,4346 Texas Parkway
887,Ira Wrassell,iwrassellom@foxnews.com,150-360-0099,3 Rieder Center
888,Wallie De Hooch,wdeon@sohu.com,241-927-3306,6 Lakewood Lane
889,Marcia Hammel,mhammeloo@wunderground.com,999-315-8305,0 Upham Trail
890,Domenico Jaggs,djaggsop@earthlink.net,613-898-2434,11085 Maywood Court
891,Wilbur Connor,wconnoroq@reverbnation.com,282-191-0524,8922 Eastwood Parkway
892,Frasquito Gawthrope,fgawthropeor@barnesandnoble.com,788-628-4119,1 Algoma Way
893,Gayle Sunderland,gsunderlandos@cam.ac.uk,770-297-0504,7 Clarendon Lane
894,Kriste Goodley,kgoodleyot@hibu.com,253-489-3810,040 Dakota Place
895,Salvador Kitto,skittoou@boston.com,400-221-0171,384 Roxbury Lane
896,Sukey Stride,sstrideov@infoseek.co.jp,883-728-1502,74 Lakewood Trail
897,Manolo Imloch,mimlochow@indiatimes.com,722-494-0127,7 Brown Alley
898,Hildy Becraft,hbecraftox@examiner.com,654-666-7012,0 Melvin Lane
899,Amerigo Fazan,afazanoy@icio.us,757-979-3879,1373 Hollow Ridge Circle
900,Kim Yezafovich,kyezafovichoz@tripadvisor.com,461-837-3330,81 Corben Plaza
901,Josie McGrotty,jmcgrottyp0@huffingtonpost.com,756-347-8224,1 Donald Hill
902,Lewiss Mowsdell,lmowsdellp1@skype.com,398-104-2486,2065 Mesta Circle
903,Merrill Gherarducci,mgherarduccip2@histats.com,430-853-7486,6 Dapin Center
904,Ferdie Kerswell,fkerswellp3@intel.com,534-404-5112,53774 Twin Pines Crossing
905,Stevena Font,sfontp4@archive.org,760-343-9660,2694 Steensland Avenue
906,Camel Cheverton,cchevertonp5@sciencedaily.com,451-386-6108,82 Bashford Junction
907,Laurette Dubarry,ldubarryp6@networkadvertising.org,449-419-9070,861 Lindbergh Road
908,Hermia Blaik,hblaikp7@umich.edu,486-150-4052,619 Northfield Circle
909,Chloe Itzkovici,citzkovicip8@wiley.com,779-311-8443,5224 Dakota Avenue
910,Simonne Borges,sborgesp9@ovh.net,783-469-7116,0507 Park Meadow Trail
911,Marwin Clemendet,mclemendetpa@hc360.com,157-653-5542,8778 Del Mar Hill
912,Rosalind Thewless,rthewlesspb@opensource.org,947-330-2812,2 Kropf Crossing
913,Anitra Roblin,aroblinpc@cloudflare.com,164-938-3417,86 Rockefeller Circle
914,Hashim Wickmann,hwickmannpd@sun.com,516-738-9973,73 Miller Lane
915,Ryann Wixon,rwixonpe@accuweather.com,426-783-6202,650 Old Shore Trail
916,Hayward Coomber,hcoomberpf@irs.gov,887-796-0467,3 Vernon Place
917,Jewell Sharrier,jsharrierpg@freewebs.com,738-589-6727,7548 Spohn Avenue
918,Jennica Rowlinson,jrowlinsonph@usgs.gov,838-596-5606,119 Maple Wood Junction
919,Tobye Baudy,tbaudypi@eventbrite.com,209-935-8800,698 Summer Ridge Parkway
920,Candida Dibb,cdibbpj@dmoz.org,877-863-4002,1 Truax Lane
921,Karole MacKill,kmackillpk@usa.gov,166-591-0652,366 Onsgard Lane
922,Gennifer Mapp,gmapppl@wordpress.org,694-366-9530,5 Jenna Parkway
923,Chryste Dunnico,cdunnicopm@phpbb.com,574-824-0107,9831 Truax Court
924,Jilleen Haizelden,jhaizeldenpn@typepad.com,623-208-2286,6 Service Way
925,Durand Dewan,ddewanpo@furl.net,788-110-4818,97745 Quincy Place
926,Marney Scollan,mscollanpp@storify.com,910-603-5547,5 Bobwhite Way
927,Nara Tinson,ntinsonpq@addtoany.com,671-544-9825,528 Kedzie Way
928,Lucille Whybray,lwhybraypr@si.edu,257-242-8178,545 1st Circle
929,Aharon Latham,alathamps@phoca.cz,815-612-7063,495 Arizona Drive
930,Constantina Spensly,cspenslypt@alibaba.com,509-564-5882,85 Mockingbird Lane
931,Bertram Keattch,bkeattchpu@cocolog-nifty.com,379-285-6228,633 Banding Plaza
932,Irina Picopp,ipicopppv@nih.gov,512-505-9061,56171 Lake View Hill
933,Eddi Parcell,eparcellpw@qq.com,663-825-6434,235 Katie Avenue
934,Sherlocke Futter,sfutterpx@arizona.edu,694-573-2496,08 Sullivan Plaza
935,Del Yabsley,dyabsleypy@hc360.com,508-707-4816,1479 Corben Terrace
936,Jaynell Matovic,jmatovicpz@bbc.co.uk,646-792-6674,38719 Maple Wood Court
937,Joshia Cameli,jcameliq0@jiathis.com,939-381-6332,00434 Melody Road
938,Susan Marler,smarlerq1@jimdo.com,642-796-4394,34225 Kinsman Court
939,Mathe Cumesky,mcumeskyq2@cisco.com,804-616-5480,68060 Colorado Lane
940,Rivi Zielinski,rzielinskiq3@chron.com,370-923-3947,7803 Mesta Avenue
941,Mitzi Anselm,manselmq4@twitpic.com,445-802-0644,6445 Washington Parkway
942,Bailie Fennelow,bfennelowq5@slashdot.org,209-632-1680,1 Del Mar Road
943,Gerrard Meachem,gmeachemq6@independent.co.uk,295-148-5396,2 Lillian Way
944,Igor Hayton,ihaytonq7@miibeian.gov.cn,480-709-4275,531 Daystar Drive
945,Celestyna Loutheane,cloutheaneq8@businesswire.com,328-236-0745,8 Golf Course Road
946,Bev Balsellie,bbalsellieq9@fotki.com,551-315-2446,0064 Emmet Point
947,Randee Tough,rtoughqa@51.la,216-762-0061,14 Arizona Alley
948,Noella Smithies,nsmithiesqb@mayoclinic.com,546-408-8861,74740 Nova Alley
949,Demetris Guisler,dguislerqc@live.com,798-107-0701,10350 Lake View Place
950,Barnebas Alexsandrowicz,balexsandrowiczqd@xinhuanet.com,648-326-9128,4 Ronald Regan Drive
951,Lilly Pietruszewicz,lpietruszewiczqe@cdc.gov,316-157-8297,96503 Bultman Hill
952,Arnuad Slemmonds,aslemmondsqf@nsw.gov.au,908-474-1506,27318 Myrtle Drive
953,Darby Reimer,dreimerqg@ihg.com,627-553-3220,40977 Sachs Terrace
954,Vilhelmina Craske,vcraskeqh@ow.ly,747-253-5028,51351 Banding Crossing
955,Eleanore McLaughlin,emclaughlinqi@vk.com,495-716-6156,878 Warbler Hill
956,Loy Radnage,lradnageqj@ameblo.jp,276-549-4255,2 Anderson Way
957,Ode Pidgley,opidgleyqk@businesswire.com,447-287-5038,0 Bellgrove Trail
958,Maude Huebner,mhuebnerql@bbb.org,467-512-6647,2 Moose Terrace
959,Brander Simmon,bsimmonqm@mysql.com,403-297-3083,0 Roxbury Junction
960,Zonnya Brundill,zbrundillqn@businessinsider.com,154-823-2253,1 Del Sol Plaza
961,Teodoro Lockart,tlockartqo@vinaora.com,115-781-7095,0140 Maple Center
962,Dell Akaster,dakasterqp@fc2.com,498-620-5599,13559 Miller Road
963,Ogdon Rudledge,orudledgeqq@netscape.com,238-993-6269,874 4th Pass
964,Rockey DeSousa,rdesousaqr@mayoclinic.com,406-389-0593,00 La Follette Alley
965,Myrtice De Brett,mdeqs@dropbox.com,591-528-7431,22235 Northfield Lane
966,Arabelle Cristofolo,acristofoloqt@wordpress.com,401-112-6432,81 Rockefeller Pass
967,Winny Stiell,wstiellqu@telegraph.co.uk,611-605-5880,63 Walton Parkway
968,Daniela Arch,darchqv@simplemachines.org,866-642-9574,84111 Quincy Street
969,Gayler Brimman,gbrimmanqw@so-net.ne.jp,445-337-0777,7069 International Center
970,Tull Antonomoli,tantonomoliqx@google.com.br,352-427-7904,016 Melody Circle
971,Rosalinde Normabell,rnormabellqy@mayoclinic.com,773-591-7603,5409 Bayside Junction
972,Darcy O' Liddy,doqz@wikipedia.org,351-750-3985,63544 Lillian Point
973,Dare Deinert,ddeinertr0@bloomberg.com,134-962-6302,65466 Bultman Court
974,Maribeth Follet,mfolletr1@bing.com,287-280-8307,3928 Texas Park
975,Eziechiele Benedidick,ebenedidickr2@nhs.uk,861-486-6966,10006 Tennyson Crossing
976,Anatola Bernardo,abernardor3@marketwatch.com,321-562-4338,77542 Forest Run Pass
977,Vivian Kapelhoff,vkapelhoffr4@goo.gl,324-634-0360,89 Homewood Lane
978,Priscella Gadault,pgadaultr5@mayoclinic.com,472-819-1437,319 Scott Center
979,Bondon Donaho,bdonahor6@joomla.org,172-766-4475,386 Bunting Point
980,Ansell Quilter,aquilterr7@oaic.gov.au,837-836-4576,11 Hoepker Road
981,Kippie Pindar,kpindarr8@creativecommons.org,971-879-9525,851 Stephen Alley
982,Nealson Manueau,nmanueaur9@google.com.au,670-745-7053,81 Comanche Way
983,Wendeline Langelaan,wlangelaanra@pcworld.com,585-747-2815,3345 Hayes Hill
984,Vera Crosgrove,vcrosgroverb@tinyurl.com,754-238-0237,6073 Mayfield Park
985,Demetria Dumingos,ddumingosrc@skyrock.com,167-845-6826,100 Waubesa Hill
986,Denyse Novotna,dnovotnard@usda.gov,413-550-3325,46238 Schlimgen Park
987,Mildred Weildish,mweildishre@businessinsider.com,530-854-7524,0046 Green Plaza
988,Lela Mulvihill,lmulvihillrf@yahoo.com,676-324-2170,56284 Schiller Terrace
989,Kaylee Ziehm,kziehmrg@wunderground.com,393-777-9987,66 Steensland Park
990,Lana Southey,lsoutheyrh@rediff.com,298-325-6864,945 Randy Avenue
991,Merrie Atmore,matmoreri@china.com.cn,817-550-4960,831 Oriole Junction
992,Randy Steffan,rsteffanrj@hatena.ne.jp,924-113-6292,6 Morningstar Plaza
993,Stearne Duckels,sduckelsrk@squidoo.com,357-593-9534,6 Mayfield Crossing
994,Buiron Benez,bbenezrl@foxnews.com,931-953-0916,681 Tennessee Point
995,Daphne Preator,dpreatorrm@wordpress.org,902-646-5440,0 Atwood Place
996,Sada Baynton,sbayntonrn@mlb.com,443-193-4346,0 Brentwood Hill
997,Vida Nelson,vnelsonro@csmonitor.com,776-874-6927,8232 Sunnyside Road
998,Shandra Durram,sdurramrp@meetup.com,442-522-4772,7779 Colorado Road
999,Vivyan Wilber,vwilberrq@phoca.cz,914-376-1627,0063 Claremont Trail
1000,Alessandro Mabee,amabeerr@usa.gov,952-937-9710,261 Loftsgordon Circle
